Course_number,Time1,Place
1122_000000,U67,ED117[GF]
1122_030001,Tn,NULL
1122_030002,T56,NULL
1122_030003,T567,NULL
1122_030004,M34,NULL
1122_030005,W567,NULL
1122_110002,W34,YT202[YM]
1122_110003,W34,YT202[YM]
1122_110004,W34,YT202[YM]
1122_110005,W34,YT202[YM]
1122_110006,W34,YT206[YM]
1122_110007,W34,YT206[YM]
1122_110008,W34,YT206[YM]
1122_110009,W34,YT206[YM]
1122_110010,W34,YT206[YM]
1122_110011,W34,YT206[YM]
1122_110012,W34,YT202[YM]
1122_110013,W34,YT202[YM]
1122_110014,W34,YT206[YM]
1122_110015,W34,YT206[YM]
1122_110016,W34,YT206[YM]
1122_110017,W34,YX501[YM]
1122_110018,W34,YX501[YM]
1122_110019,W34,YX501[YM]
1122_110020,W34,YT104[YM]
1122_110021,W34,YT104[YM]
1122_110022,W34,YT104[YM]
1122_110023,W34,YT104[YM]
1122_110024,W34,YT104[YM]
1122_110025,W34,YT104[YM]
1122_110026,W34,YX501[YM]
1122_110027,T8,YM201[YM]
1122_110028,Sa,NULL
1122_110029,Sa,NULL
1122_110030,Sa,NULL
1122_110031,Sa,NULL
1122_110032,Sa,NULL
1122_110033,Sa,NULL
1122_110034,W34,NULL
1122_110035,W34,NULL
1122_110036,M34,YX406[YM]
1122_110037,M5678,YED109[YM]
1122_110038,W5678,YED109[YM]
1122_110039,M1234,YT001[YM]
1122_110040,M1234,YEC109[YM]
1122_110041,M1234,YT001[YM]
1122_110042,M1234,YT001[YM]
1122_110043,M1234,YT001[YM]
1122_110044,M1234,YT001[YM]
1122_110045,M1234,YT001[YM]
1122_110046,T5678,YED214[YM]
1122_110047,M1234,YT001[YM]
1122_110048,M1234,YT001[YM]
1122_110049,R5678,NULL
1122_110050,F56,YM225[YM]
1122_110051,S34,ED302[GF]
1122_110051,S34,YL405[YM]
1122_110052,M78,ED305[GF]
1122_110052,M78,YL404[YM]
1122_110053,M34,ED305[GF]
1122_110053,M34,YM303[YM]
1122_110057,Sa,NULL
1122_110058,Sb,NULL
1122_110069,Rab,NULL
1122_110070,Sd,NULL
1122_110202,R789,NULL
1122_110203,M12345678,YT002[YM]
1122_110204,M12345678,YT002[YM]
1122_110205,M12345678,YT002[YM]
1122_110206,M12345678,YT002[YM]
1122_110207,M12345678,YT002[YM]
1122_110208,M12345678,YT002[YM]
1122_110209,M12345678,YT002[YM]
1122_110210,M12345678,YT002[YM]
1122_110211,M12345678,YT002[YM]
1122_110212,M12345678,YT002[YM]
1122_110213,M12345678,YT002[YM]
1122_110214,Sb,YT002[YM]
1122_110215,U1,NULL
1122_110216,Ryz,NULL
1122_110217,W78,NULL
1122_110218,S34,NULL
1122_110219,R5678,YX216[YM]
1122_110220,Sc,YT205[YM]
1122_110221,W78,YT303[YM]
1122_111500,T34,YD105[YM]
1122_111501,W567,YD210[YM]
1122_111502,M78,YD214[YM]
1122_111503,W34,YD214[YM]
1122_111504,W34,YD214[YM]
1122_111505,W34,YD214[YM]
1122_111506,W34,YD214[YM]
1122_111507,W34,YD214[YM]
1122_111508,F56789,YD214[YM]
1122_111509,W34,YD210[YM]
1122_111510,W34,YD210[YM]
1122_111511,W34,YD210[YM]
1122_111512,W34,YD210[YM]
1122_111513,W34,YD210[YM]
1122_111514,M34,YD320[YM]
1122_111515,W56,YD320[YM]
1122_111516,T1234,YD210[YM]
1122_111517,T1234,YD210[YM]
1122_111518,W34,YD320[YM]
1122_111519,W1,YD320[YM]
1122_111520,M56,YD214[YM]
1122_111521,M12,YD210[YM]
1122_111522,R123456789,YD202[YM]
1122_111523,T1234,YD210[YM]
1122_111524,T1234,YD210[YM]
1122_111525,F9a,YD320[YM]
1122_111526,F9a,YD320[YM]
1122_111527,F9a,YD320[YM]
1122_111528,F9a,YD320[YM]
1122_111529,F9a,YD320[YM]
1122_111530,T89,YD320[YM]
1122_111531,T34,YD214[YM]
1122_111532,R34,YD105[YM]
1122_111533,R567,YD214[YM]
1122_111534,M12,YD105[YM]
1122_111535,M345678,YD210[YM]
1122_111536,W12,YD210[YM]
1122_111537,W345678,YD202[YM]
1122_111538,W9a,YD105[YM]
1122_111539,W9a,YD105[YM]
1122_111540,W9a,YD105[YM]
1122_111541,W9a,YD105[YM]
1122_111542,W9a,YD105[YM]
1122_111543,W56,YD214[YM]
1122_111544,R12,YD214[YM]
1122_111545,R34,YD214[YM]
1122_111546,R56,YD105[YM]
1122_111547,T34,YD320[YM]
1122_111548,T567,YD214[YM]
1122_111549,M9abc,YD320[YM]
1122_111550,M34,YD105[YM]
1122_111551,T9a,YD105[YM]
1122_111552,T9a,YD105[YM]
1122_111553,T9a,YD105[YM]
1122_111554,T9a,YD105[YM]
1122_111555,T9a,YD105[YM]
1122_111568,F234,NULL
1122_111569,F56789a,NULL
1122_111570,M2,YD320[YM]
1122_111571,F34,AB102[GF]
1122_111571,F34,YK208[YM]
1122_111572,M2,YD214[YM]
1122_111800,R56,YN418[YM]
1122_111801,W78,A205[GF]
1122_111802,M1234n5678,YN414[YM]
1122_111803,W34,YN603[YM]
1122_111804,M12345678,YN416[YM]
1122_111805,M1234n5678,YN418[YM]
1122_111806,M12345678,NULL
1122_111807,W12345678,YN416[YM]
1122_111808,W12345678,NULL
1122_111809,T9a,YN418[YM]
1122_111810,M12345678,NULL
1122_111811,F234,EE129[GF]
1122_111811,F234,YN418[YM]
1122_111812,M12345678,NULL
1122_111813,R9a,YN418[YM]
1122_111814,W56,YN321[YM]
1122_111815,F34,YN416[YM]
1122_111816,Mab,YN416[YM]
1122_111817,F5678,CS100[GF]
1122_111817,F5678,YL404[YM]
1122_111900,W34,SC109[GF]
1122_111901,T34,YT302[YM]
1122_111902,T234,SC157[GF]
1122_111903,W56,EB107[GF]
1122_111904,W56,EB107[GF]
1122_111905,M1234n5678,NULL
1122_111906,M1234n5678,NULL
1122_111907,Mcd,NULL
1122_111908,M1234n5678,NULL
1122_111909,Fbc,NULL
1122_111910,Fb,NULL
1122_111911,Fb,NULL
1122_111912,Fc,NULL
1122_111913,Rc,NULL
1122_111914,T5678,YED309[YM]
1122_111915,T5678,YED309[YM]
1122_111916,W34,YR101[YM]
1122_111917,W34,YR101[YM]
1122_111918,R5678,YED309[YM]
1122_111919,T5678,YED309[YM]
1122_111920,Fbc,NULL
1122_111921,F12,YR105[YM]
1122_111922,Mcd,NULL
1122_111923,Tcd,NULL
1122_112000,F56,YB102[YM]
1122_112001,M56,YT301[YM]
1122_112002,T56,YT103[YM]
1122_112003,U1,NULL
1122_112004,F34,YB102[YM]
1122_112005,Wn9,NULL
1122_112006,W56,YB229[YM]
1122_112007,W9,NULL
1122_112008,T78,YT304[YM]
1122_112009,M567,YB229[YM]
1122_112010,T34,YT103[YM]
1122_112011,R78,YB101[YM]
1122_112012,M34,YB101[YM]
1122_112013,W12,YX406[YM]
1122_112014,T34,YT305[YM]
1122_112015,W5678,YED214[YM]
1122_112016,T567,YB229[YM]
1122_112017,M56,YT202[YM]
1122_112018,T56,YT104[YM]
1122_112019,W34,YT304[YM]
1122_112020,W34,YB102[YM]
1122_112021,T56,YT304[YM]
1122_112022,M34,YT304[YM]
1122_112100,R678,YT304[YM]
1122_112101,F234,YED309[YM]
1122_112102,Tn56,YT303[YM]
1122_112103,T234,YT303[YM]
1122_112104,M234,YT305[YM]
1122_112105,W34,YT103[YM]
1122_112106,W34,YT203[YM]
1122_112107,F567,YT104[YM]
1122_112108,M567,YT303[YM]
1122_112109,T789,YE003[YM]
1122_112110,M234,YT303[YM]
1122_112111,M89,YEA200[YM]
1122_112112,W567,YT304[YM]
1122_112113,R234,YT303[YM]
1122_112114,W89a,YEA200[YM]
1122_112115,T567,YT204[YM]
1122_112116,Tn,YEA200[YM]
1122_112117,Mn,YEA200[YM]
1122_112118,Wn,YEA200[YM]
1122_112119,T234,YT203[YM]
1122_112120,F234,YE003[YM]
1122_112121,T234,YE003[YM]
1122_112122,W567,YED202[YM]
1122_112123,M567,YT304[YM]
1122_112125,W34,YT103[YM]
1122_112126,W34,YT103[YM]
1122_112127,W34,YT203[YM]
1122_112128,W34,YT203[YM]
1122_112129,Sab,NULL
1122_112130,Uab,NULL
1122_112131,M567,YE003[YM]
1122_112132,W567,YEA300[YM]
1122_112200,T567,YE003[YM]
1122_112201,W12,YB601[YM]
1122_112202,M567,YB602[YM]
1122_112203,U12,NULL
1122_112204,M34,YB601[YM]
1122_112205,T34,YB601[YM]
1122_112206,R123,YB603[YM]
1122_112207,W8,YB624[YM]
1122_112208,U7,NULL
1122_112209,U6,NULL
1122_112210,T12,YB624[YM]
1122_112211,M5,YB624[YM]
1122_112212,F12,YB602[YM]
1122_112213,T34,YB602[YM]
1122_112214,R56,YB602[YM]
1122_112215,R78,YB602[YM]
1122_112216,F56,YB624[YM]
1122_112217,S23,YB601[YM]
1122_112218,T5678,YB602[YM]
1122_112219,W56,YB603[YM]
1122_112220,F34,YB602[YM]
1122_112221,Sn,NULL
1122_112222,S78,NULL
1122_112223,Un,NULL
1122_112224,U12,NULL
1122_112225,Fn,NULL
1122_112226,U34,NULL
1122_112227,U5678,NULL
1122_112228,Syz,NULL
1122_112229,Uyz,NULL
1122_112230,Un,NULL
1122_112231,W12345678,NULL
1122_112232,F12345678,NULL
1122_112233,R12,YB624[YM]
1122_112234,F78,YB603[YM]
1122_112235,F12,YB601[YM]
1122_112236,F34,YB601[YM]
1122_112237,F56,YB601[YM]
1122_112238,M5678,YB601[YM]
1122_112239,R5678,YB601[YM]
1122_112240,T5,YB601[YM]
1122_112241,T7,YB601[YM]
1122_112242,M34,YB602[YM]
1122_112243,S23,YB610[YM]
1122_112244,W567,YB624[YM]
1122_112245,R12,YB601[YM]
1122_112246,R34,YB601[YM]
1122_112247,W7,YB601[YM]
1122_112248,W8,YB601[YM]
1122_112249,T2,YB602[YM]
1122_112250,S9a,YB624[YM]
1122_112251,Fbc,YB603[YM]
1122_112252,Sd,NULL
1122_112253,Myz,NULL
1122_112254,Fyz,NULL
1122_112255,W34,NULL
1122_112256,M56,YX216[YM]
1122_112257,W34,NULL
1122_112258,M34,YB624[YM]
1122_112259,F9a,YB624[YM]
1122_112260,R9a,YB603[YM]
1122_112263,Syz,NULL
1122_112264,Syz,NULL
1122_112265,Uyz,NULL
1122_112269,Wyz,NULL
1122_112300,M78,YT103[YM]
1122_112301,R56,YT104[YM]
1122_112302,M34,YB100[YM]
1122_112304,W34,YT303[YM]
1122_112305,W34,YT303[YM]
1122_112306,W34,YT303[YM]
1122_112307,R78,YT104[YM]
1122_112308,M234,YB458[YM]
1122_112309,M56,YT206[YM]
1122_112310,T34,YB102[YM]
1122_112311,M78,YB118[YM]
1122_112311,F2,YT205[YM]
1122_112312,T78,YB118[YM]
1122_112312,F2,YT103[YM]
1122_112313,T9a,YB458[YM]
1122_112314,W34,YT204[YM]
1122_112315,W34,YT204[YM]
1122_112316,W34,YT204[YM]
1122_112317,M234,YT205[YM]
1122_112318,F56,YB100[YM]
1122_112319,T12,YB458[YM]
1122_112320,M56,YT204[YM]
1122_112321,F78,YB102[YM]
1122_112322,W56,YT205[YM]
1122_112323,R56,YT303[YM]
1122_112324,T5678,YB101[YM]
1122_112325,T34,YB458[YM]
1122_112326,W9a,NULL
1122_112327,F34,YT103[YM]
1122_112328,M78,YB101[YM]
1122_112329,Sc,NULL
1122_112330,S67,NULL
1122_112331,W34,YB458[YM]
1122_112331,W34,YL401[YM]
1122_112332,W567,YB118[YM]
1122_112333,W567,YB102[YM]
1122_112334,S5,NULL
1122_112335,U2,NULL
1122_112336,U1,NULL
1122_112337,S8,NULL
1122_112338,U5,NULL
1122_112339,U3,NULL
1122_112340,F9a,YB458[YM]
1122_112341,U4,NULL
1122_112342,Sc,NULL
1122_112343,W567,YT202[YM]
1122_112344,F567,YE003[YM]
1122_112345,W56,YB458[YM]
1122_112346,T56,YB458[YM]
1122_112400,M56,NULL
1122_112401,S123,NULL
1122_112404,S12,NULL
1122_112500,T56,YK533[YM]
1122_112501,W56,YX216[YM]
1122_112502,T34,YX406[YM]
1122_112503,F5678,YED109[YM]
1122_112504,R234,YE003[YM]
1122_112506,R234,YX503[YM]
1122_112507,W34,YL402[YM]
1122_112508,W34,YL402[YM]
1122_112509,W34,YL402[YM]
1122_112510,W34,YL402[YM]
1122_112511,W34,YL402[YM]
1122_112512,W34,YK101[YM]
1122_112513,W34,YK101[YM]
1122_112514,W34,YK101[YM]
1122_112515,W34,YK101[YM]
1122_112516,W34,YK101[YM]
1122_112517,M56,YK104[YM]
1122_112518,T789,YK100[YM]
1122_112519,M78,YK436[YM]
1122_112520,R78,YK101[YM]
1122_112521,T34,YK101[YM]
1122_112522,W34,YK436[YM]
1122_112522,W34,YK533[YM]
1122_112523,F56,YK101[YM]
1122_112524,M34,YK101[YM]
1122_112525,W56,YK101[YM]
1122_112526,S12,NULL
1122_112527,S34,NULL
1122_112528,U5678,NULL
1122_112531,S12,NULL
1122_112532,R34,YK533[YM]
1122_112900,T7,YX216[YM]
1122_112901,M12,YT003[YM]
1122_112902,T56,YX501[YM]
1122_112903,T56,CS100[GF]
1122_112903,T56,YT305[YM]
1122_112904,T34,YL405[YM]
1122_112905,W5678,YED309[YM]
1122_112906,F5678,YED309[YM]
1122_113100,M12345678,YT002[YM]
1122_113101,R9abc,YX503[YM]
1122_113102,R9abc,YED214[YM]
1122_113103,F34,YL403[YM]
1122_113200,W5678,YEC211[YM]
1122_113201,W12,ED101[GF]
1122_113201,W12,YX216[YM]
1122_113300,M56,YT001[YM]
1122_113301,M78,YEC211[YM]
1122_113302,R34,YEC211[YM]
1122_113400,T5678,YT002[YM]
1122_113401,T5678,YT002[YM]
1122_113402,R5,YT305[YM]
1122_113500,M56,YL403[YM]
1122_113501,S12,YX216[YM]
1122_113502,W56,NULL
1122_113503,M56,YT305[YM]
1122_113504,F567,YX503[YM]
1122_113505,F34,YT302[YM]
1122_113506,T12,YX216[YM]
1122_113800,R56,EE112[GF]
1122_113801,F34,YT304[YM]
1122_113802,R9a,CS100[GF]
1122_113803,F12,CS100[GF]
1122_113803,F12,YM201[YM]
1122_113804,F12,YT206[YM]
1122_113805,T56,YT302[YM]
1122_113806,F34,YT203[YM]
1122_113807,T56,NULL
1122_113808,T56,YT203[YM]
1122_113809,T5678,YX406[YM]
1122_113810,W78,YM201[YM]
1122_113811,W34,YT001[YM]
1122_113812,S1234,NULL
1122_113813,T56,YX202[YM]
1122_113814,S1234,NULL
1122_130000,Tn,YED214[YM]
1122_130001,R34,YR103[YM]
1122_130002,M12,YR105[YM]
1122_130003,M34,YR105[YM]
1122_130004,F34,YR105[YM]
1122_130005,Mab,YR104[YM]
1122_130006,M9,YR105[YM]
1122_130007,F78,YR104[YM]
1122_130008,M67,YR105[YM]
1122_130009,Rn,YR102[YM]
1122_130010,F12,YR102[YM]
1122_130011,T56,YR105[YM]
1122_130012,W34,YR105[YM]
1122_130100,M1234,YR101[YM]
1122_130101,T1234,YR105[YM]
1122_130102,T567,YR103[YM]
1122_130103,F234,YR101[YM]
1122_130104,R78,YR101[YM]
1122_130105,W56,YX406[YM]
1122_130106,F5678,YR102[YM]
1122_130107,R9abc,YED214[YM]
1122_130108,M78,YL402[YM]
1122_130109,Uabc,NULL
1122_130110,Uabc,NULL
1122_130111,M34,YR509[YM]
1122_130112,M9ab,YR101[YM]
1122_130113,W34,YR508[YM]
1122_130114,Fab,NULL
1122_130115,W789,YL403[YM]
1122_130116,W567,YR103[YM]
1122_130117,R345678,YED214[YM]
1122_130118,Rab,YR101[YM]
1122_130119,M567,NULL
1122_130120,F9a,YR103[YM]
1122_130121,W9ab,YR508[YM]
1122_130122,T9a,YR103[YM]
1122_130123,M234,YR508[YM]
1122_130124,W567,YR508[YM]
1122_130200,F34n,YN514[YM]
1122_130201,F12,YS221[YM]
1122_130202,F56,YS103[YM]
1122_130203,R234,YT305[YM]
1122_130204,M34,YS107[YM]
1122_130205,T12,YS221[YM]
1122_130206,T34,YS107[YM]
1122_130207,T34,YS221[YM]
1122_130208,T234,YS103[YM]
1122_130209,T56,YS221[YM]
1122_130210,W34,YS221[YM]
1122_130211,W34,YS107[YM]
1122_130212,W56,YN511[YM]
1122_130213,M56,YS107[YM]
1122_130214,W78,YS221[YM]
1122_130215,Rn5,NULL
1122_130216,Rn5,YN511[YM]
1122_130217,R56,YN511[YM]
1122_130218,R56,YS103[YM]
1122_130219,R78,YS103[YM]
1122_130220,R789,YT202[YM]
1122_130221,T56,YS103[YM]
1122_130222,M78,YS107[YM]
1122_130223,M234n,YS415[YM]
1122_130224,T56,YS107[YM]
1122_130225,M12,YS221[YM]
1122_130226,F56,YS221[YM]
1122_130227,M567,YS103[YM]
1122_130228,Rn5,NULL
1122_130229,Rn5,YN511[YM]
1122_130231,R78,YS107[YM]
1122_130232,R78,YS221[YM]
1122_130300,M2,NULL
1122_130301,T78,YR102[YM]
1122_130303,W34,YL405[YM]
1122_130304,W56,YL405[YM]
1122_130305,W78,YR105[YM]
1122_130306,R12,YL405[YM]
1122_130307,R34,YL405[YM]
1122_130308,R56,YL405[YM]
1122_130309,F34,YL405[YM]
1122_130310,F56,YM225[YM]
1122_130311,S1234n56789abcd,YR101[YM]
1122_130312,R34,YL404[YM]
1122_130313,R34,NULL
1122_130314,U1,NULL
1122_130315,F78,YR105[YM]
1122_130317,F12,YL405[YM]
1122_130400,M234,YED109[YM]
1122_130401,F234,YED109[YM]
1122_130402,W5678,YEA100[YM]
1122_130403,W7,YEA100[YM]
1122_130404,T34,YEA100[YM]
1122_130405,T56,YEA100[YM]
1122_130406,T56,YT205[YM]
1122_130407,W12,YEA100[YM]
1122_130408,R56,YEA100[YM]
1122_130409,F56,YEA100[YM]
1122_130410,M567,YEA100[YM]
1122_130411,W56,YEA100[YM]
1122_130412,R56,YEC102[YM]
1122_130413,M1,YEA100[YM]
1122_130414,W34,YEA100[YM]
1122_130415,F34,YEA100[YM]
1122_130500,T34,YN514[YM]
1122_130501,F56,YN511[YM]
1122_130502,W34,YN514[YM]
1122_130503,W78,YN514[YM]
1122_130504,F78,YN514[YM]
1122_130505,M34,YN511[YM]
1122_130506,F56,YN511[YM]
1122_130507,F789,YS221[YM]
1122_130508,M78,YN514[YM]
1122_130509,F78,YN611[YM]
1122_130510,T56,YN511[YM]
1122_130600,M12,YR103[YM]
1122_130601,T78,YR101[YM]
1122_130700,T12,YN613[YM]
1122_130701,R12,YN613[YM]
1122_130703,T56,YN611[YM]
1122_130704,W34,YN613[YM]
1122_130705,T78,YN613[YM]
1122_130706,R56,YN611[YM]
1122_130707,T34,YN511[YM]
1122_130708,T34,YN613[YM]
1122_130709,T789,YN611[YM]
1122_130710,T56,YN613[YM]
1122_130711,S567,NULL
1122_130800,M34,YS105[YM]
1122_130801,M56,YS105[YM]
1122_130802,M78,YS105[YM]
1122_130803,M78,YS105[YM]
1122_130804,M34,YS103[YM]
1122_130806,T78,YS105[YM]
1122_130807,T34,YB100[YM]
1122_130808,T34,YB100[YM]
1122_130809,T56,YS105[YM]
1122_130810,T56,YS105[YM]
1122_130811,W4n,YS415[YM]
1122_130812,W4n,YS415[YM]
1122_130815,W56,YS105[YM]
1122_130816,R12,YS105[YM]
1122_130818,R789a,YS105[YM]
1122_130819,R34,YS105[YM]
1122_130820,R78,YS415[YM]
1122_130821,F12,YS105[YM]
1122_130822,F34,YS105[YM]
1122_130823,F56,YS105[YM]
1122_130824,W4n,YS415[YM]
1122_130825,W4n,YS415[YM]
1122_130826,R34,YS103[YM]
1122_130827,U12,YS105[YM]
1122_130900,F34,YN118[YM]
1122_130901,R7,YN118[YM]
1122_130902,R8,YN118[YM]
1122_130904,R4,YN118[YM]
1122_130905,R5,YN118[YM]
1122_130906,R6,YN118[YM]
1122_131000,Un,NULL
1122_131001,Rn,YL402[YM]
1122_131002,M56,YR102[YM]
1122_131003,M56,YR104[YM]
1122_131004,M56,YR319[YM]
1122_131005,M78,YR101[YM]
1122_131006,R78,YR105[YM]
1122_131007,M34,YL401[YM]
1122_131008,M78,YL401[YM]
1122_131009,W78,YL401[YM]
1122_131010,M78,YL405[YM]
1122_131011,M34,YR103[YM]
1122_131012,M34,YL405[YM]
1122_131013,M34,YL404[YM]
1122_131014,T56,YR101[YM]
1122_131015,T78,YR105[YM]
1122_131016,T78,YR104[YM]
1122_131017,R34,YL402[YM]
1122_131018,W34,YR102[YM]
1122_131019,R34,YR104[YM]
1122_131020,F56,YR103[YM]
1122_131021,Mbc,YR105[YM]
1122_131022,Rbc,YR105[YM]
1122_131100,W56,YL839[YM]
1122_131101,W34,YL837[YM]
1122_131102,M34,YL837[YM]
1122_131103,W1,YL839[YM]
1122_131104,R567,YL845[YM]
1122_131105,R78,YL745[YM]
1122_131106,R34,YL837[YM]
1122_131107,R789,YL839[YM]
1122_131108,M23,NULL
1122_131109,M78,YL845[YM]
1122_131110,W89,YL845[YM]
1122_131111,T9a,YL402[YM]
1122_131112,W567,YL845[YM]
1122_131113,T56,YL402[YM]
1122_131114,T234,YL402[YM]
1122_131200,M56,YS405[YM]
1122_131201,T78,YS405[YM]
1122_131202,T34,YS405[YM]
1122_131203,R34,YS415[YM]
1122_131204,F34n,YS405[YM]
1122_131205,M34,YS407[YM]
1122_131206,T78,YS415[YM]
1122_131207,M9,YS405[YM]
1122_131209,R34,YS405[YM]
1122_131210,W56,YS405[YM]
1122_131211,W78,YS405[YM]
1122_131212,R5,YS405[YM]
1122_131213,M78,YS405[YM]
1122_131214,M78,YS405[YM]
1122_131215,W56,YR104[YM]
1122_131216,U1,YS415[YM]
1122_131217,F1,YS405[YM]
1122_131218,T56,YS405[YM]
1122_131220,W78,YR615[YM]
1122_131221,W34,YS405[YM]
1122_131300,Rn,YN514[YM]
1122_131301,S56,YS107[YM]
1122_131400,T56,YD302[YM]
1122_131401,T34,YD302[YM]
1122_131402,T9a,YD209[YM]
1122_131403,W78,YD320[YM]
1122_131404,M78,YD207[YM]
1122_131405,W3,YD207[YM]
1122_131406,T12,YD304[YM]
1122_131407,T78,YD207[YM]
1122_131408,F56,YD209[YM]
1122_131409,M34,YD302[YM]
1122_131410,M34,YD304[YM]
1122_131411,M5678,NULL
1122_131412,M5678,NULL
1122_131413,W9a,NULL
1122_131414,T78,YD302[YM]
1122_131415,M5678,NULL
1122_131416,M12345678,NULL
1122_131417,M5678,NULL
1122_131418,F78,YD302[YM]
1122_131500,R34,YD302[YM]
1122_131501,M56,YD302[YM]
1122_131502,M78,YD320[YM]
1122_131503,F56,YD302[YM]
1122_131504,W56,YD302[YM]
1122_131505,R56,YD304[YM]
1122_131506,T56,YD415[YM]
1122_131507,W34,YD415[YM]
1122_131508,F12,YD302[YM]
1122_131509,F9,YD302[YM]
1122_131600,W9a,YD207[YM]
1122_131601,W56,YD209[YM]
1122_131700,T567,YN603[YM]
1122_131701,T567,YN419[YM]
1122_131702,T567,YN319[YM]
1122_131703,W12345678,NULL
1122_131704,W12345678,NULL
1122_131705,W12345678,NULL
1122_131706,W12345678,NULL
1122_131707,W12345678,NULL
1122_131708,T567,YN322[YM]
1122_131709,R1234,YN418[YM]
1122_131710,R9a,YN322[YM]
1122_131711,R78,YN321[YM]
1122_131712,T234,YN302[YM]
1122_131713,F9a,YN419[YM]
1122_131714,F78,YN414B[YM]
1122_131715,W789a,YN419[YM]
1122_131716,S12345678,NULL
1122_131800,T567,YN301[YM]
1122_131801,W123456789,NULL
1122_131802,W123456789,NULL
1122_131803,T8,YN301[YM]
1122_131804,R89,YN301[YM]
1122_131805,R56,YN416[YM]
1122_131806,F78,YN608[YM]
1122_131807,R56,YN419[YM]
1122_131900,T34,YC101[YM]
1122_131901,T12,YC101[YM]
1122_131902,R56,YC101[YM]
1122_131903,W34,YC101[YM]
1122_131906,M56,YC101[YM]
1122_131907,M34,YC101[YM]
1122_131909,R34,YC101[YM]
1122_131910,R78,YC101[YM]
1122_131911,M78,YC101[YM]
1122_132000,R56,YT204[YM]
1122_132001,W78,YR101[YM]
1122_132002,M78,YK533[YM]
1122_132003,M56,YK533[YM]
1122_132004,F567,YR101[YM]
1122_132005,T34,YL403[YM]
1122_132005,W78,YK533[YM]
1122_132006,M234,YK533[YM]
1122_132007,R34,YR105[YM]
1122_132008,M78,YR103[YM]
1122_132009,M12n,NULL
1122_132010,T56,YL401[YM]
1122_132011,W78,YR104[YM]
1122_132012,R567,YR103[YM]
1122_132014,F56,NULL
1122_132015,F34,YR103[YM]
1122_132016,M34,YK436[YM]
1122_132017,F34,YL402[YM]
1122_132100,M12,YN208[YM]
1122_132101,M34,YT203[YM]
1122_132102,M56,YT203[YM]
1122_132103,M9a,YN208[YM]
1122_132104,T34,YT304[YM]
1122_132105,T12,YT304[YM]
1122_132106,T56,YT202[YM]
1122_132107,W34,YT302[YM]
1122_132108,W56,YT302[YM]
1122_132109,W9a,YN208[YM]
1122_132110,F34,YN208[YM]
1122_132111,R56,YT301[YM]
1122_132112,M78,YT203[YM]
1122_132113,F12,YN208[YM]
1122_132114,F56,YN118[YM]
1122_132115,F78,YN208[YM]
1122_132116,U89a,NULL
1122_132117,W78,YL405[YM]
1122_132200,T34,YB101[YM]
1122_132201,W78,YT104[YM]
1122_132202,R34,YB102[YM]
1122_132203,M56,YB101[YM]
1122_132204,W78,YB101[YM]
1122_132205,F78,YT202[YM]
1122_132206,M78,YT104[YM]
1122_132207,W56,YT301[YM]
1122_132208,W12,NULL
1122_132209,M56,YT103[YM]
1122_132210,W34,YB101[YM]
1122_132211,R78,YB102[YM]
1122_132212,F56,YB101[YM]
1122_132213,T56,YB102[YM]
1122_132214,R56,YB101[YM]
1122_132215,R56,YB101[YM]
1122_132216,Tn,YB100[YM]
1122_132300,R67,YB100[YM]
1122_132301,F234,YEA200[YM]
1122_132302,T234,YT301[YM]
1122_132303,T567,YEA301[YM]
1122_132304,R234,YEA300[YM]
1122_132305,W234,YEA200[YM]
1122_132306,F567,YEA205[YM]
1122_132307,M34,YEA200[YM]
1122_132308,T234,YEA200[YM]
1122_132309,M89a,YEA205[YM]
1122_132310,T567,YEA205[YM]
1122_132311,W89a,YB102[YM]
1122_132314,T34n,YEA301[YM]
1122_132315,W567,YEA301[YM]
1122_132400,T34,YB424[YM]
1122_132401,T234,YB603[YM]
1122_132402,F56,YB603[YM]
1122_132403,T567,YB419[YM]
1122_132404,S89a,YB602[YM]
1122_132405,F12,YB419[YM]
1122_132406,M34,YB530[YM]
1122_132407,M9a,YB429[YM]
1122_132408,M9a,YB429[YM]
1122_132409,M34,YB424[YM]
1122_132410,M5678,YB102[YM]
1122_132411,M5678,YB102[YM]
1122_132412,F56,YB424[YM]
1122_132413,Fab,YB601[YM]
1122_132414,Fcd,YB601[YM]
1122_132415,F56,YB429[YM]
1122_132416,F234,YL401[YM]
1122_132417,S34,YB602[YM]
1122_132418,M34,NULL
1122_132419,R34,YB602[YM]
1122_132420,R34,YB429[YM]
1122_132421,M234,YB603[YM]
1122_132422,W567,YB424[YM]
1122_132424,S78,YB603[YM]
1122_132426,R567,YB424[YM]
1122_132500,F789,YB101[YM]
1122_132501,T9a,YB101[YM]
1122_132502,F56,YT103[YM]
1122_132503,W78,YT103[YM]
1122_132504,R56,YB118[YM]
1122_132505,F56,YT206[YM]
1122_132506,R56,YT103[YM]
1122_132507,F1,YB118[YM]
1122_132508,M34,NULL
1122_132509,W56,YB245
1122_132510,R56,YB134[YM]
1122_132511,T56,YT301[YM]
1122_132512,R78,YT204[YM]
1122_132513,T78,YB134[YM]
1122_132514,R78,YL402[YM]
1122_132515,W56,YB101[YM]
1122_132516,M34,NULL
1122_132517,T56,YB134[YM]
1122_132518,W78,YB458[YM]
1122_132519,M9a,YB458[YM]
1122_132520,M78,YB458[YM]
1122_132521,F56,YB458[YM]
1122_132522,W78,YB134[YM]
1122_132523,R78,YB458[YM]
1122_132524,W234,YB134[YM]
1122_132600,M789,YL403[YM]
1122_132601,T34,YK533[YM]
1122_132603,Wn56,YK436[YM]
1122_132604,W789,YK436[YM]
1122_132605,Wab,YK533[YM]
1122_132606,M56,YK208[YM]
1122_132607,R56,YK436[YM]
1122_132608,F234,YK436[YM]
1122_132609,F567,YK602
1122_132610,F567,YK436[YM]
1122_132611,F8,NULL
1122_132612,F9ab,YK436[YM]
1122_132613,T34,YK436[YM]
1122_132614,T567,YK436[YM]
1122_132615,R567,YK602
1122_132616,T567,YK101[YM]
1122_132617,Tab,YK436[YM]
1122_132700,Fn5,YL823[YM]
1122_132701,R56,YL839[YM]
1122_132702,T67,NULL
1122_132703,T34,YL839[YM]
1122_132704,F34,YL824[YM]
1122_132706,W34,YL839[YM]
1122_132707,M56,YL839[YM]
1122_132708,M56,EE129[GF]
1122_132708,M56,YL824[YM]
1122_132709,W34,CS100[GF]
1122_132709,W34,YL824[YM]
1122_132710,T56,YL839[YM]
1122_132711,M567,YL823[YM]
1122_132712,M234,YL839[YM]
1122_132713,T56,YL837[YM]
1122_132800,M56,YC313[YM]
1122_132801,W567,YC313[YM]
1122_132802,T56,YC313[YM]
1122_132803,T78,YC302[YM]
1122_132805,F56,YC313[YM]
1122_132806,Un,NULL
1122_132807,Un,NULL
1122_132808,M34,YC401[YM]
1122_132809,M34,YC313[YM]
1122_132810,R34,YC313[YM]
1122_132811,R56,YC313[YM]
1122_132812,R34,YC302[YM]
1122_132813,T34,YC401[YM]
1122_132814,Uy,YC313[YM]
1122_132816,F56,YC302[YM]
1122_132900,U34,NULL
1122_132901,T78,YC501[YM]
1122_132902,R78,YC501[YM]
1122_132903,R78,YC516[YM]
1122_132904,F34,YL404[YM]
1122_132905,W56,YC516[YM]
1122_132906,M56,YC501[YM]
1122_132907,M34,YL402[YM]
1122_132908,W34,YC516[YM]
1122_132909,W56,YC713[YM]
1122_132910,R34,YC501[YM]
1122_132911,F34,YC501[YM]
1122_132912,T56,YC501[YM]
1122_132913,M78,YC501[YM]
1122_133000,M56,YL735[YM]
1122_133001,R78,YL403[YM]
1122_133002,M34,YR104[YM]
1122_133003,M34,YR102[YM]
1122_133004,T34,YR104[YM]
1122_133005,T78,YT202[YM]
1122_133006,T78,YK533[YM]
1122_133007,T78,YK104[YM]
1122_133008,W56,YK104[YM]
1122_133010,R234,YK101[YM]
1122_133012,T56,YL405[YM]
1122_133013,R78,YR104[YM]
1122_133014,F234,YK533[YM]
1122_133015,T234,YR102[YM]
1122_133016,R56,YC401[YM]
1122_133017,R56,YL735[YM]
1122_133018,F56,YL735[YM]
1122_133019,M89,YK101[YM]
1122_133020,R56,YK104[YM]
1122_133021,T9,YT202[YM]
1122_133022,M56,YK101[YM]
1122_133024,F34,YR102[YM]
1122_133025,R56,YK101[YM]
1122_133100,T567,YX206[YM]
1122_133101,W34n,YX206[YM]
1122_133102,W567,YX206[YM]
1122_133103,T9,YX206[YM]
1122_133104,Rabc,YX211[YM]
1122_133105,F34n,YX206[YM]
1122_133107,F78,YX206[YM]
1122_133108,R567,YX206[YM]
1122_133200,F9a,YX201[YM]
1122_133201,F234,YX211[YM]
1122_133202,T234,YX211[YM]
1122_133203,T7,YX207[YM]
1122_133204,W234,YX211[YM]
1122_133205,W567,YX211[YM]
1122_133206,R234,YX211[YM]
1122_133207,R678,YX211[YM]
1122_133208,R789,HC101[GF]
1122_133300,R567,YX322[YM]
1122_133301,F12,YX322[YM]
1122_133302,M567,YX322[YM]
1122_133303,W567,YX322[YM]
1122_133304,T567,YX322[YM]
1122_133305,T34n,YX322[YM]
1122_133500,U56,YN109[YM]
1122_133501,U1234,YN109[YM]
1122_133502,R78,YN613[YM]
1122_133503,R56,YN109[YM]
1122_133504,T9ab,YN109[YM]
1122_133505,R34,YR102[YM]
1122_133506,T56,YR102[YM]
1122_133507,W56,YN109[YM]
1122_133508,R34,YN109[YM]
1122_133600,W78,NULL
1122_133700,M678,NULL
1122_140200,R2,NULL
1122_140300,R78,YL405[YM]
1122_140301,U1,NULL
1122_140302,R78,NULL
1122_140303,U1,NULL
1122_140304,U1,NULL
1122_140400,M56,YR103[YM]
1122_140401,R12,YR103[YM]
1122_140402,F56,YR105[YM]
1122_140403,M78,YR104[YM]
1122_140404,F34,YR104[YM]
1122_140405,R34n,YR101[YM]
1122_140406,M78,YR104[YM]
1122_140407,R56,YR101[YM]
1122_140408,R34n,YR101[YM]
1122_140409,F56,YR104[YM]
1122_140410,R12,YR101[YM]
1122_140411,T56,NULL
1122_140500,R34,YN613[YM]
1122_140501,W56,YN613[YM]
1122_140600,M78,YS105[YM]
1122_140601,M78,YS105[YM]
1122_140602,T34,YB100[YM]
1122_140603,T34,YB100[YM]
1122_140604,T56,YS105[YM]
1122_140605,T56,YS105[YM]
1122_140606,W4n,YS415[YM]
1122_140607,W4n,YS415[YM]
1122_140608,R56,YS105[YM]
1122_140610,W4n,YS415[YM]
1122_140611,W4n,YS415[YM]
1122_140613,T12,YS105[YM]
1122_140700,R3,YN118[YM]
1122_140701,R78,YN118[YM]
1122_140702,R78,YN118[YM]
1122_140800,M56,YR101[YM]
1122_140801,R789,YR318[YM]
1122_140802,Uy,NULL
1122_140803,Un,NULL
1122_140900,T78,YL402[YM]
1122_140901,T56,YL845[YM]
1122_141000,W56,NULL
1122_141001,W56,NULL
1122_141002,Un,NULL
1122_141003,Un,NULL
1122_141004,W34,NULL
1122_141005,S34n56,NULL
1122_141006,Ty56,NULL
1122_141200,M9a,YD302[YM]
1122_141400,F56,YN301[YM]
1122_141401,F34,YN301[YM]
1122_141403,F78,YN301[YM]
1122_141404,F789,YN603[YM]
1122_141500,R12345678,NULL
1122_141501,F56,YN419[YM]
1122_141502,R12345678,NULL
1122_141503,R12345678,NULL
1122_141504,F9a,YN416[YM]
1122_141505,R12345678,NULL
1122_141506,F78,YN416[YM]
1122_141600,T56,YC101[YM]
1122_141601,T78,YC101[YM]
1122_141602,R56,YC101[YM]
1122_141603,R56,YC101[YM]
1122_141700,T78,YT104[YM]
1122_141800,R89,YB100[YM]
1122_141900,Uy,YB429[YM]
1122_141901,M5678,YB102[YM]
1122_141902,M5678,YB102[YM]
1122_141903,F12,YB530[YM]
1122_142000,F34,YB101[YM]
1122_142400,R78,YL837[YM]
1122_142500,R34,YC401[YM]
1122_142501,Un,NULL
1122_142502,Un,NULL
1122_142503,Un,NULL
1122_142600,U56,NULL
1122_142601,T78,YC516[YM]
1122_142700,Sn,NULL
1122_142701,W56,YL735[YM]
1122_142800,R56,NULL
1122_142804,F56,NULL
1122_142805,M56,NULL
1122_142806,F56,NULL
1122_142807,F34,NULL
1122_142808,T56,NULL
1122_142810,F56,NULL
1122_142811,T78,NULL
1122_142812,R34,NULL
1122_142900,Un,NULL
1122_142901,Sn,NULL
1122_142902,M56,NULL
1122_143100,Sc,NULL
1122_143101,Ud,NULL
1122_143102,Ub,NULL
1122_143200,Un,NULL
1122_143201,R78,NULL
1122_143202,F5678,NULL
1122_143203,T234,NULL
1122_143204,R234,NULL
1122_143205,R56,NULL
1122_143300,W5678,YR102[YM]
1122_143301,Un,NULL
1122_150106,S7,YX216[YM]
1122_150111,Fab,YN511[YM]
1122_150200,F56,YN418[YM]
1122_150201,Fab,YN318[YM]
1122_150207,R9a,YN414B[YM]
1122_150209,F56,YN416[YM]
1122_150210,R56,YN603[YM]
1122_150213,F34,YN414[YM]
1122_150215,F5678,YN414[YM]
1122_161000,F34,A103[GF]
1122_161000,F34,YT301[YM]
1122_161001,F56,A103[GF]
1122_161001,F56,YT301[YM]
1122_161002,W9a,A204[GF]
1122_161003,T34,YX216[YM]
1122_161004,M12,YT103[YM]
1122_161005,M34,YT103[YM]
1122_161006,T12,YT202[YM]
1122_161007,T12,YT206[YM]
1122_161008,T12,YT305[YM]
1122_161009,T12,YX201[YM]
1122_161010,T34,YT104[YM]
1122_161011,T34,YT202[YM]
1122_161012,T34,YT206[YM]
1122_161013,T56,YX503[YM]
1122_161015,R12,YT204[YM]
1122_161016,R12,YT205[YM]
1122_161017,R12,A103[GF]
1122_161017,R12,YX201[YM]
1122_161018,R34,YT104[YM]
1122_161019,R34,YT202[YM]
1122_161020,R34,YT205[YM]
1122_161021,R34,YX201[YM]
1122_161022,R34,YT304[YM]
1122_161023,R56,YT205[YM]
1122_161024,F34,YT204[YM]
1122_161025,F56,YT204[YM]
1122_161026,F34,YX202[YM]
1122_161027,F78,YX202[YM]
1122_161028,W9a,YX202[YM]
1122_161029,Uyz,NULL
1122_161030,R56,NULL
1122_161031,R56,NULL
1122_161032,R56,NULL
1122_161033,R56,NULL
1122_161034,R56,NULL
1122_161035,R56,NULL
1122_161036,R56,NULL
1122_161037,R78,NULL
1122_161038,R78,NULL
1122_161039,R78,NULL
1122_161040,R78,NULL
1122_161041,R78,NULL
1122_161042,R78,NULL
1122_161043,R78,NULL
1122_161044,R78,NULL
1122_161045,R78,NULL
1122_161046,R78,NULL
1122_161048,R78,YX201[YM]
1122_161049,M78,YT206[YM]
1122_161050,Ucd,NULL
1122_161051,T12,YL403[YM]
1122_161052,R34,EE129[GF]
1122_161052,R34,YL839[YM]
1122_161053,T56,A103[GF]
1122_161055,T78,YX201[YM]
1122_162000,M56,YX201[YM]
1122_162001,M78,YX201[YM]
1122_162002,F78,YX501[YM]
1122_162003,F56,YX501[YM]
1122_162004,M34,YT104[YM]
1122_162005,M12,YT104[YM]
1122_162006,R56,YX201[YM]
1122_162007,T12,YT204[YM]
1122_162008,T34,YT204[YM]
1122_162009,W12,YT205[YM]
1122_162010,W12,YT301[YM]
1122_162011,T12,YT103[YM]
1122_162012,R12,YT103[YM]
1122_162013,R34,YT103[YM]
1122_162014,R12,YT203[YM]
1122_162015,F12,YT104[YM]
1122_162016,F34,YT104[YM]
1122_230000,M234,TA506[BM]
1122_230001,R567,TA506[BM]
1122_230002,Rabc,TB307[BM]
1122_230003,M567,TA506[BM]
1122_230004,F567,TA506[BM]
1122_230005,T789,TB305[BM]
1122_230006,T56,TB307[BM]
1122_230007,Fabc,TA506[BM]
1122_230008,W234,TB307[BM]
1122_230009,T234,TB307[BM]
1122_230010,Tabc,TB435[BM]
1122_230011,M678,TB435[BM]
1122_230012,Mabc,TB307[BM]
1122_230013,R234,TB307[BM]
1122_230014,T789,TB435[BM]
1122_230015,W567,TB435[BM]
1122_230016,M234,TB307[BM]
1122_230017,Tabc,TB307[BM]
1122_230018,W567,TB307[BM]
1122_230019,R234,TA506[BM]
1122_230020,W567,A407[GF]
1122_230021,F234,TB435[BM]
1122_230022,W234,TB435[BM]
1122_310000,F234,HKB09[LJ]
1122_310001,T234,HKB09[LJ]
1122_310002,M567,HKB09[LJ]
1122_310003,W234,HKB09[LJ]
1122_310005,W78,HK105[LJ]
1122_310006,W78,HK106[LJ]
1122_310007,T8,HKB09[LJ]
1122_310008,F567,HK106[LJ]
1122_310009,M567,HKB08[LJ]
1122_310011,F567,HK119[LJ]
1122_310012,R567,HK105[LJ]
1122_310013,T234,HK105[LJ]
1122_310014,R234,HK105[LJ]
1122_310017,M234,HKB09[LJ]
1122_310018,F567,HK105[LJ]
1122_310100,M567,HK104[LJ]
1122_310101,M567,HK114[LJ]
1122_310102,T234,HK104[LJ]
1122_310103,W9a,HK215[LJ]
1122_310104,R67,HK114[LJ]
1122_310105,T8,HKB08[LJ]
1122_310106,F234,HK114[LJ]
1122_310107,M89,HK104[LJ]
1122_310108,T567,HK114[LJ]
1122_310109,M567,A305[GF]
1122_310110,R234,HKB08[LJ]
1122_310111,W234,HK104[LJ]
1122_310112,T567,HKB08[LJ]
1122_310113,R567,HK104[LJ]
1122_310114,R234,HK104[LJ]
1122_310116,R567,HK206[LJ]
1122_310118,F234,HK104[LJ]
1122_310119,F567,HK114[LJ]
1122_310120,W78,HK104[LJ]
1122_310121,M234,HKB08[LJ]
1122_330000,T234,HK207[LJ]
1122_330001,R567,HK207[LJ]
1122_330002,Rabc,HK207[LJ]
1122_330003,M567,HK207[LJ]
1122_330004,W56,HK207[LJ]
1122_330005,M234,HK207[LJ]
1122_330006,W789,HK120[LJ]
1122_330009,R234,HK207[LJ]
1122_330010,T567,HK207[LJ]
1122_330100,T567,HK206[LJ]
1122_330101,F234,HK206[LJ]
1122_330102,R234,HK206[LJ]
1122_330104,T234,HK206[LJ]
1122_330105,W234,HK206[LJ]
1122_340000,R678,HK318[LJ]
1122_410000,T56,SB210[GF]
1122_410001,W78,SC109[GF]
1122_410002,W78,SC110[GF]
1122_410003,M78,CS
1122_410004,M567,BI310[BA]
1122_410005,T2,A103[GF]
1122_410006,M234,BI302[BA]
1122_410007,M234,BI303[BA]
1122_410008,R567,SC256[GF]
1122_410009,R567,SC258[GF]
1122_410010,W234,BI302[BA]
1122_410011,M8,BI303[BA]
1122_410012,W234,BI309[BA]
1122_410013,F567,SC105[GF]
1122_410014,U1234,NULL
1122_410015,U567,NULL
1122_410017,F34,BI301[BA]
1122_410018,F34,BI302[BA]
1122_410019,F34,BI303[BA]
1122_410020,F34,BI309[BA]
1122_410021,F34,BI308[BA]
1122_410022,F34,BI311[BA]
1122_410023,F56,BI302[BA]
1122_410024,R567,SC211[GF]
1122_410026,M56,BI302[BA]
1122_410028,R34,BI303[BA]
1122_410029,Wab,SC109[GF]
1122_410030,M89,CS
1122_410030,F78,NULL
1122_410031,W567,BI304[BA]
1122_410032,T34,BI302[BA]
1122_410034,W34,BI310[BA]
1122_430000,T56,NULL
1122_430016,F567,BI311[BA]
1122_430017,M567,BI308[BA]
1122_430018,F123,NULL
1122_430019,S78,NULL
1122_430020,W789,BI311[BA]
1122_430021,R34n,BI301[BA]
1122_430022,T9,BI302[BA]
1122_430023,W567,BI303[BA]
1122_430024,T234,BI301[BA]
1122_430025,T234,BI303[BA]
1122_430026,R567,BI309[BA]
1122_430027,M34,BI309[BA]
1122_430028,R234,BI311[BA]
1122_430029,W234,BI308[BA]
1122_430030,T7,BI301[BA]
1122_430031,T7,BI302[BA]
1122_430032,T7,BI303[BA]
1122_430033,T7,BI311[BA]
1122_430034,R567,BI303[BA]
1122_430035,F567,BI310[BA]
1122_430036,F234,NULL
1122_430037,S567,NULL
1122_430038,M9ab,BI303[BA]
1122_430100,T56,BI135[BA]
1122_430101,M4,BI310[BA]
1122_430102,M3,BI310[BA]
1122_430103,R567,BI305[BA]
1122_430104,W234,SC106[GF]
1122_430105,M567,BI305[BA]
1122_430106,T9,SC151[GF]
1122_430107,R234,BI305[BA]
1122_430108,M567,BI301[BA]
1122_430109,W5689,BI305[BA]
1122_430110,T234,BI305[BA]
1122_430111,W567,BI310[BA]
1122_430200,T56,NULL
1122_430201,M567,BI311[BA]
1122_430202,F567,BI301[BA]
1122_430203,W56,BI301[BA]
1122_430204,R567,BI302[BA]
1122_430205,W234,BI311[BA]
1122_430206,W789,BI309[BA]
1122_430207,M567,BI309[BA]
1122_430208,R567,BI311[BA]
1122_430209,R567,BI301[BA]
1122_440000,T7,BI309[BA]
1122_440001,T78,NULL
1122_440100,T234,NULL
1122_440101,R234,NULL
1122_440102,F678,NULL
1122_440103,R78,NULL
1122_440104,R56,NULL
1122_440105,S234,NULL
1122_510000,M56,AB101[GF]
1122_510001,M56,AB102[GF]
1122_510002,R56,ED303[GF]
1122_514000,M34,YX502[YM]
1122_514001,W34,AD027[GF]
1122_514002,W9ab,EE115[GF]
1122_514003,T56,HC103[GF]
1122_514004,M567,HC103[GF]
1122_514005,W56,HC104[GF]
1122_514006,R34,HC514[GF]
1122_514009,T34,HC104[GF]
1122_514010,F234,HC103[GF]
1122_514011,T56,HC101[GF]
1122_514012,Tabc,HC104[GF]
1122_514013,T34,NULL
1122_514014,W34,HC103[GF]
1122_514015,R78,HC104[GF]
1122_514016,T78,HC103[GF]
1122_514017,W56,HC101[GF]
1122_514018,Tabc,HA109[GF]
1122_514019,M789,HC104[GF]
1122_514020,W56,NULL
1122_514021,W56,HC103[GF]
1122_514022,W34,HC104[GF]
1122_514024,R56,HC104[GF]
1122_514026,Fn56,HC104[GF]
1122_514027,R9ab,NULL
1122_514028,M8,HC103[GF]
1122_514100,F34,CS
1122_514101,R56,HC402[GF]
1122_514102,R56,F207[GF]
1122_514103,T234,F210[GF]
1122_514104,W234,F210[GF]
1122_514105,M34,HC102[GF]
1122_514106,M34,HC401[GF]
1122_514107,M34,HC402[GF]
1122_514108,R34,F210[GF]
1122_514110,W78,NULL
1122_514111,T567,F210[GF]
1122_514112,W234,F322[GF]
1122_514113,W234,F206[GF]
1122_514114,W234,F207[GF]
1122_514115,M34,F207[GF]
1122_514116,M56,F206[GF]
1122_514117,M56,F203[GF]
1122_514118,T567,HC402[GF]
1122_514120,M56,F207[GF]
1122_514121,M78,F206[GF]
1122_514122,M78,F203[GF]
1122_514123,F234,HC402[GF]
1122_514124,M78,F207[GF]
1122_514125,T567,HC102[GF]
1122_514126,T567,HC401[GF]
1122_514127,T567,F207[GF]
1122_514128,M234,HC404[GF]
1122_514129,W234,HC401[GF]
1122_514130,R567,HC401[GF]
1122_514131,T234,HC402[GF]
1122_514132,S234,NULL
1122_514133,F234,HC401[GF]
1122_514134,R234,F207[GF]
1122_514135,T234,F203[GF]
1122_514800,F34,EE115[GF]
1122_514801,M56,EE115[GF]
1122_514802,F56,EE115[GF]
1122_514803,M56,HC514[GF]
1122_515000,T56,ED203[GF]
1122_515001,T56,EDB01[GF]
1122_515002,T56,ED301[GF]
1122_515003,T56,EDB26[GF]
1122_515004,T56,EE207[GF]
1122_515005,T56,ED101[GF]
1122_515005,F2,ED103[GF]
1122_515006,T34,ED303[GF]
1122_515007,T34,EE207[GF]
1122_515008,T34,ED116[GF]
1122_515009,T34,ED203[GF]
1122_515010,T34,ED101[GF]
1122_515011,F234,EE118[GF]
1122_515012,M34,ED103[GF]
1122_515013,M34,EE623[GF]
1122_515014,M34,ED303[GF]
1122_515015,M34,ED203[GF]
1122_515016,M34,ED116[GF]
1122_515018,M78,ED303[GF]
1122_515019,M78,ED219[GF]
1122_515020,M78,ED103[GF]
1122_515021,M78,EE102[GF]
1122_515022,M78,ED201[GF]
1122_515023,M78,EE209[GF]
1122_515024,Mabcd,NULL
1122_515025,Wabcd,NULL
1122_515026,Tabcd,NULL
1122_515027,Tabcd,NULL
1122_515028,Mabcd,NULL
1122_515029,Wabcd,NULL
1122_515030,M56,EE105[GF]
1122_515031,M56,ED219[GF]
1122_515032,M56,EE102[GF]
1122_515036,M56,EDB26[GF]
1122_515038,Rabcd,NULL
1122_515101,W5,EE209[GF]
1122_515102,W6,EE209[GF]
1122_515103,W78,NULL
1122_515104,T34n,EE113[GF]
1122_515105,F34,ED220[GF]
1122_515106,T56ab,EE634[GF]
1122_515107,Rabcd,NULL
1122_515108,Mn56abc,EE635[GF]
1122_515109,T56abcd,ED713[GF]
1122_515110,Tabc,CS
1122_515110,Tn56,ED201[GF]
1122_515111,Mabc,CS
1122_515111,Mn56,ED220[GF]
1122_515112,Mabc,CS
1122_515112,Mn56,ED201[GF]
1122_515113,T34,EE102[GF]
1122_515114,T34,ED301[GF]
1122_515115,M34n,EE208[GF]
1122_515116,Rn56,EE632[GF]
1122_515117,M8,ED101[GF]
1122_515117,F78,ED203[GF]
1122_515118,T2,ED301[GF]
1122_515119,R567,EE208[GF]
1122_515120,F567,ED713[GF]
1122_515121,M34,EE102[GF]
1122_515122,F78ab,EE635[GF]
1122_515123,T7,EDB26[GF]
1122_515124,R567,NULL
1122_515125,M2,EE623[GF]
1122_515126,M56,ED116[GF]
1122_515127,T78,ED219[GF]
1122_515128,T78,ED116[GF]
1122_515130,T7,ED203[GF]
1122_515131,W234,NULL
1122_515132,W34,EE208[GF]
1122_515133,T34,ED219[GF]
1122_515134,T34,EDB27[GF]
1122_515134,F2,NULL
1122_515135,T34,EE209[GF]
1122_515136,T56,EE208[GF]
1122_515145,F678,EE105[GF]
1122_515146,T5,ED220[GF]
1122_515147,Rabc,ED116[GF]
1122_515148,W78,ED301[GF]
1122_515148,F2,ED303[GF]
1122_515149,M7,ED101[GF]
1122_515149,R56,ED116[GF]
1122_515150,W567,NULL
1122_515151,M2,EE209[GF]
1122_515152,M2,ED116[GF]
1122_515153,M567,ED301[GF]
1122_515154,Mabc,EE105[GF]
1122_515155,W234,ED713[GF]
1122_515156,T2,ED101[GF]
1122_515157,M34,EE113[GF]
1122_515158,T7,EE207[GF]
1122_515159,Wabc,ED116[GF]
1122_515160,M34,EDB26[GF]
1122_515161,T567,ED103[GF]
1122_515401,M56,CY203[GF]
1122_515402,T34n,CY203[GF]
1122_515403,W8,CY202[GF]
1122_515404,T56,CY202[GF]
1122_515405,T34,CY202[GF]
1122_515406,M4,CY202[GF]
1122_515407,T5,CY203[GF]
1122_515408,M56,CY202[GF]
1122_515409,Mabcd,CY202[GF]
1122_515410,Wabcd,CY202[GF]
1122_515411,T2,CY202[GF]
1122_515412,T78,CY202[GF]
1122_515414,W78,EO103[GF]
1122_515415,T234,EO105[GF]
1122_515416,M234,EO105[GF]
1122_515417,T234,CY201[GF]
1122_515500,M34,EC015[GF]
1122_515501,M34,EC114[GF]
1122_515502,M34,EC122[GF]
1122_515503,W34,EC016[GF]
1122_515504,W34,ED117[GF]
1122_515505,W34,EDB27[GF]
1122_515506,M56,EC114[GF]
1122_515506,Tabc,EC315[GF]
1122_515506,Tabc,EC316[GF]
1122_515506,Tabc,EC324[GF]
1122_515507,M56,EC122[GF]
1122_515507,Rabc,EC315[GF]
1122_515507,Rabc,EC316[GF]
1122_515507,Rabc,EC324[GF]
1122_515508,M56,EDB27[GF]
1122_515508,Mabc,EC315[GF]
1122_515508,Mabc,EC316[GF]
1122_515508,Mabc,EC324[GF]
1122_515509,R56,EC122[GF]
1122_515510,R56,EC115[GF]
1122_515511,R56,EC016[GF]
1122_515512,M7,EC015[GF]
1122_515513,M7,EC016[GF]
1122_515514,T56,ED117[GF]
1122_515515,T56,EC122[GF]
1122_515516,W34,EC115[GF]
1122_515517,W34,EC114[GF]
1122_515518,T7,EC114[GF]
1122_515519,T7,EC122[GF]
1122_515600,Fabc,EC115[GF]
1122_515601,T34n,ED302[GF]
1122_515604,T34,ED202[GF]
1122_515605,F34n,EC315[GF]
1122_515605,F34n,EC316[GF]
1122_515605,F34n,EC324[GF]
1122_515606,M34,EC115[GF]
1122_515607,M7,ED102[GF]
1122_515608,F56,EC220[GF]
1122_515608,F56,EC221[GF]
1122_515608,F56,EC222[GF]
1122_515609,R34,ED302[GF]
1122_515610,Mab,EC114[GF]
1122_515611,T2,ED117[GF]
1122_515613,M56,EC115[GF]
1122_515614,Rabc,EC115[GF]
1122_515615,T56,EC015[GF]
1122_515617,W78,EC114[GF]
1122_515617,W78,EC122[GF]
1122_515618,T34,EC122[GF]
1122_515619,M56,EC015[GF]
1122_515620,T34,EC114[GF]
1122_515624,T567,ED102[GF]
1122_515625,R78,EC122[GF]
1122_515625,S234,EC315[GF]
1122_515625,S234,EC316[GF]
1122_515625,S234,EC324[GF]
1122_516000,M9ab,EEB42[GF]
1122_516002,F34,EE548[GF]
1122_516004,W78,NULL
1122_516005,W78,EE102[GF]
1122_516006,W3,ED103[GF]
1122_516006,R56,EE207[GF]
1122_516007,M5,ED103[GF]
1122_516008,F56,EE548[GF]
1122_516010,M56,EE209[GF]
1122_516010,W4,ED103[GF]
1122_516011,T2,EE207[GF]
1122_516100,T56,EE324[GF]
1122_516101,T56,EE130[GF]
1122_516102,T34,EE324[GF]
1122_516103,T34,EE106[GF]
1122_516104,M234,EA105[GF]
1122_516105,F234,EA105[GF]
1122_516106,T567,EE206[GF]
1122_516107,Wabc,EE205[GF]
1122_516108,W78,EE106[GF]
1122_516109,T1,EE105[GF]
1122_516110,W5,EE106[GF]
1122_516111,R567,EE205[GF]
1122_516112,T2,EE132[GF]
1122_516113,M56,EE130[GF]
1122_516114,M56,EE106[GF]
1122_516115,T234,EE206[GF]
1122_516116,T2,EE106[GF]
1122_516117,M8,EE210[GF]
1122_516118,T78,EE210[GF]
1122_516119,M234,NULL
1122_516120,Wabc,EE132[GF]
1122_516121,Tabc,NULL
1122_516122,Mabc,NULL
1122_516123,M78,EE106[GF]
1122_516124,M78,EE206[GF]
1122_516125,W234,EE132[GF]
1122_516126,W2,EE206[GF]
1122_516127,T234,EE205[GF]
1122_516128,Rabc,EE205[GF]
1122_516129,Rabc,EE210[GF]
1122_516130,F234,EE205[GF]
1122_516131,Syz,EE132[GF]
1122_516132,T234,EE231[GF]
1122_516133,T7,EE132[GF]
1122_516200,W78,EB117[GF]
1122_516201,W9a,EB117[GF]
1122_516202,Tabc,EB115[GF]
1122_516203,R789,EB115[GF]
1122_516204,Wn56,CS
1122_516205,Rabc,CS
1122_516206,M56,EB118[GF]
1122_516207,M56,EB115[GF]
1122_516208,Rn56,EB118[GF]
1122_516209,Wn56,EB115[GF]
1122_516210,M78,EB118[GF]
1122_516211,T56,EB115[GF]
1122_516212,T234,EB118[GF]
1122_516213,T234,EB227[GF]
1122_516214,M56,EB117[GF]
1122_516215,M56,EB108[GF]
1122_516216,W234,EB107[GF]
1122_516217,W234,EB118[GF]
1122_516218,Mn,EB117[GF]
1122_516218,Tab,EB108[GF]
1122_516219,Mn,EB117[GF]
1122_516219,Wb,EB108[GF]
1122_516220,R34,EB118[GF]
1122_516221,R34,EB107[GF]
1122_516222,M34,EB115[GF]
1122_516223,F234,EB415[GF]
1122_516224,F234,EB117[GF]
1122_516225,F234,EB402[GF]
1122_516226,F234,NULL
1122_516227,F567,EB117[GF]
1122_516229,M34,EB117[GF]
1122_516230,W567,EB415[GF]
1122_516231,W4,EB415[GF]
1122_516232,M234,CS
1122_516233,M567,CS
1122_516300,T2,EF202[GF]
1122_516301,R4,EF201[GF]
1122_516302,M3,EF205[GF]
1122_516303,M4,EF205[GF]
1122_516304,M56,EF205[GF]
1122_516307,F78,NULL
1122_516308,R56,EF205[GF]
1122_516309,T56,EF201[GF]
1122_516310,R67,EF207[GF]
1122_516311,T34,EF202[GF]
1122_516312,T78,EF205[GF]
1122_516313,T56,EF104[GF]
1122_516314,W3,EF205[GF]
1122_516400,R9ab,SC110[GF]
1122_516500,F789,SC106[GF]
1122_516501,F789,SC106[GF]
1122_516600,W56,SC158[GF]
1122_516601,R56,SC158[GF]
1122_516602,W78,SC158[GF]
1122_516603,M34,SC204[GF]
1122_516604,Wabcd,SC326[GF]
1122_516605,Tabcd,SC326[GF]
1122_516606,F345,SC158[GF]
1122_516607,M8,SC158[GF]
1122_516608,M7,SC158[GF]
1122_516609,T34,SC158[GF]
1122_516610,W34,SC158[GF]
1122_516611,M56,SC158[GF]
1122_516612,T56,SC158[GF]
1122_516613,F5678,SC358[GF]
1122_516614,F5678,SC324[GF]
1122_516615,M34n,SC160[GF]
1122_516616,M56,SC160[GF]
1122_516617,F234,SC160[GF]
1122_516618,T234,SC160[GF]
1122_516619,R567,SC204[GF]
1122_516620,Wab,SC158[GF]
1122_516700,M56,SA320[GF]
1122_516701,T78,SC201[GF]
1122_516702,M9a,SA223[GF]
1122_516703,W78,SA321[GF]
1122_516704,T34,SA214[GF]
1122_516705,T34,SA215[GF]
1122_516706,M78,SA320[GF]
1122_516707,M56,SA321[GF]
1122_516708,T2,SA320[GF]
1122_516709,W6,SA311[GF]
1122_516710,W234,SA321[GF]
1122_516800,M56,SB203[GF]
1122_516801,W78,SB201[GF]
1122_516802,W234,NULL
1122_516803,T34,SC159[GF]
1122_516804,T5678,SB120[GF]
1122_516805,M34,SB211[GF]
1122_516806,Rn5678,SB120[GF]
1122_516807,M12,SC159[GF]
1122_516808,Mn567,SB219[GF]
1122_516809,M89ab,SB219[GF]
1122_516810,F56,NULL
1122_516811,T34,SB211[GF]
1122_516812,Rn567,SB219[GF]
1122_516813,R89ab,SB219[GF]
1122_516814,F34,SB211[GF]
1122_516815,F34,SB202[GF]
1122_516816,M34,SC159[GF]
1122_516817,M56,SB202[GF]
1122_516818,T567,SB203[GF]
1122_516819,M34,SB203[GF]
1122_516820,W34,SB201[GF]
1122_516821,S234,NULL
1122_516822,R56,SB201[GF]
1122_517000,W234,M101[GF]
1122_517001,W234,M
1122_517003,M567,M
1122_517004,M567,M101[GF]
1122_517005,M567,M205[GF]
1122_517006,T567,M
1122_517007,T567,MB210[GF]
1122_517008,T567,MB415[GF]
1122_517009,R567,AB103[GF]
1122_517010,R567,MB520[GF]
1122_517011,R567,A316[GF]
1122_517012,M234,AB101[GF]
1122_517013,M234,M205[GF]
1122_517015,T234,MB520[GF]
1122_517016,T234,AB101[GF]
1122_517017,T234,A309[GF]
1122_517018,T567,M
1122_517019,T567,M205[GF]
1122_517020,T567,A316[GF]
1122_517150,W567,A703B[GF]
1122_517200,M234,AB103[GF]
1122_517200,M89,A901[GF]
1122_517201,R8,A901[GF]
1122_517202,W78,A901[GF]
1122_517203,R234,A901[GF]
1122_517204,M789,A905[GF]
1122_517205,T234,A901[GF]
1122_517206,F34,A904[GF]
1122_517207,Fab,A904[GF]
1122_517300,W234,M205[GF]
1122_517301,T567,M301[GF]
1122_517303,W78,A309[GF]
1122_517304,Wabc,M301[GF]
1122_517305,M789,M301[GF]
1122_517306,W34n,M105[GF]
1122_517400,W78,MB520[GF]
1122_517401,R567,MB506[GF]
1122_517402,W56,MB520[GF]
1122_517402,W7,MB415[GF]
1122_517403,R567,MB405[GF]
1122_517404,R234,MB415[GF]
1122_517407,M789,MB405[GF]
1122_517408,M789,MB415[GF]
1122_517409,F234,MB405[GF]
1122_517410,F567,MB405[GF]
1122_517500,W234,MB312[GF]
1122_517501,W234,MB415[GF]
1122_517502,R567,M
1122_517503,W56,M
1122_517504,W78,M
1122_517505,M9ab,MB312[GF]
1122_517506,R234,M101[GF]
1122_517507,T234,M101[GF]
1122_517508,T234,M
1122_517510,R234,M102[GF]
1122_517511,W234,M
1122_517512,R567,M
1122_517513,R234,M
1122_517514,W56,M
1122_519500,F56,A509[GF]
1122_519505,W78,NULL
1122_519506,R567,A509[GF]
1122_519507,F34,A509[GF]
1122_519510,W56,A509[GF]
1122_519514,T34n,NULL
1122_519515,W34n,NULL
1122_520000,F234,NULL
1122_520001,W789,SC151[GF]
1122_520002,W234,SC110[GF]
1122_520003,M234,SC105[GF]
1122_520004,Rabc,NULL
1122_520005,T234,SC105[GF]
1122_520006,R34n,SC151[GF]
1122_520007,M234,SC110[GF]
1122_520008,F234,SC152[GF]
1122_520009,Wabc,NULL
1122_530000,M34,NULL
1122_530001,R34,A506[GF]
1122_530002,W34,A506[GF]
1122_530003,W56,A505[GF]
1122_530004,F34,NULL
1122_530006,T34,A505[GF]
1122_534000,R234,CS105[GF]
1122_534001,W234,HA219[GF]
1122_534002,T234,HA216[GF]
1122_534003,R567,HA220[GF]
1122_534004,T567,HA220[GF]
1122_534005,T567,HA219[GF]
1122_534006,R567,HA216[GF]
1122_534007,F2,HA216[GF]
1122_534008,Ma,HA217[GF]
1122_534009,Fa,HA217[GF]
1122_534010,M56,HA217[GF]
1122_534011,F234,HA219[GF]
1122_534012,T234,HA219[GF]
1122_534013,R34,HA218[GF]
1122_534014,T34,HA218[GF]
1122_534015,M34,HA218[GF]
1122_534016,W34,HA218[GF]
1122_534017,W567,HA217[GF]
1122_534018,R56,HA218[GF]
1122_534019,T56,HA218[GF]
1122_534020,T34,HA315[GF]
1122_534100,T234,HC404[GF]
1122_534101,F234,HC404[GF]
1122_534102,T8,NULL
1122_534103,W234,F203[GF]
1122_534104,R234,HC402[GF]
1122_534105,W234,HC402[GF]
1122_534106,R234,HC401[GF]
1122_534107,M567,HC404[GF]
1122_534108,R567,HC404[GF]
1122_534109,M234,F322[GF]
1122_534200,R567,HC301[GF]
1122_534201,T234,HC301[GF]
1122_534202,T567,HC301[GF]
1122_534203,W567,HC301[GF]
1122_534203,W567,NULL
1122_534300,M34n,F109[GF]
1122_534301,M567,F216[GF]
1122_534302,T567,F216[GF]
1122_534303,T234,F204[GF]
1122_534304,Tn,F204[GF]
1122_534305,W678,F204[GF]
1122_534306,R234,F204[GF]
1122_534307,R567,F216[GF]
1122_534308,R567,F109[GF]
1122_534309,F234,F204[GF]
1122_534310,F567,F204[GF]
1122_534401,Mabc,HA315[GF]
1122_534402,T567,HA325[GF]
1122_534403,T567,FB13[GF]
1122_534404,W234,HA315[GF]
1122_534405,W6,HA315[GF]
1122_534407,W9ab,EA106[GF]
1122_534407,W9ab,HA302[GF]
1122_534409,Wabc,HA315[GF]
1122_534410,R567,HA302[GF]
1122_534411,R567,HC103[GF]
1122_534413,T234,HA314[GF]
1122_534414,F567,NULL
1122_534415,F567,EEB30[GF]
1122_534417,R567,HA315[GF]
1122_534418,R234,HA314[GF]
1122_534420,M56,HA315[GF]
1122_534500,T567,F106A[GF]
1122_534501,T234,YX207[YM]
1122_534502,W234,F106A[GF]
1122_534512,M567,F106A[GF]
1122_534513,R567,F106A[GF]
1122_534514,F567,F106A[GF]
1122_534515,F567,HC101[GF]
1122_534516,R234,F106A[GF]
1122_534600,M34n,F106A[GF]
1122_534601,Wabc,F106A[GF]
1122_534700,M678,HA107[GF]
1122_534701,M678,HA108[GF]
1122_534702,M678,HA109[GF]
1122_534703,M678,HA105[GF]
1122_534704,M678,NULL
1122_534705,M678,HA104[GF]
1122_534706,M678,HA101[GF]
1122_534707,M678,HA102[GF]
1122_534708,W678,HA108[GF]
1122_534709,W34n,HA105[GF]
1122_534710,Tabc,HA105[GF]
1122_534711,F567,HA107[GF]
1122_534712,T678,HA105[GF]
1122_534713,R34n,HA104[GF]
1122_534714,F34,HA108[GF]
1122_534715,S34n,HA105[GF]
1122_534716,W34n,HA107[GF]
1122_534717,T34n,HA105[GF]
1122_534718,T34n,HA107[GF]
1122_534719,W67,HA104[GF]
1122_534720,S34n,NULL
1122_534721,S34n,NULL
1122_534722,S5,HA322[GF]
1122_534723,S5,HA318[GF]
1122_534724,F567,HA105[GF]
1122_534800,M78,HC501[GF]
1122_534801,T234,HC501[GF]
1122_534802,W34,HC501[GF]
1122_534803,R678,HC514[GF]
1122_534804,W56,HC514[GF]
1122_534805,R34,HC512[GF]
1122_534806,T78,HC501[GF]
1122_534807,W789,HC501[GF]
1122_534808,T56,AD027[GF]
1122_534809,M1,HC605[GF]
1122_534810,M56,HC501[GF]
1122_534811,Ma,HC512[GF]
1122_534812,Ta,HC512[GF]
1122_534813,Wa,HC602[GF]
1122_534814,Ra,HC512[GF]
1122_534815,Ta,HC604[GF]
1122_534816,Ma,HC605[GF]
1122_534817,Fb,HC608[GF]
1122_534818,Fb,HC605[GF]
1122_534819,Fb,HC603[GF]
1122_534820,Fb,HC607[GF]
1122_534821,Mn,HC603[GF]
1122_534822,Fb,HC601[GF]
1122_534823,Fb,HC606[GF]
1122_534824,F1,HC603[GF]
1122_534825,Fb,HC616[GF]
1122_534826,Fb,HC613[GF]
1122_534827,U4,HC604[GF]
1122_534828,F56,AD027[GF]
1122_535000,M567,NULL
1122_535100,W56,ED220[GF]
1122_535101,F567,ED303[GF]
1122_535102,M234,EE207[GF]
1122_535103,W789,ED303[GF]
1122_535104,T34n,ED103[GF]
1122_535105,W234,EE207[GF]
1122_535106,T567,EE209[GF]
1122_535107,W234,EE112[GF]
1122_535200,T56,ED116[GF]
1122_535201,T56,ED219[GF]
1122_535202,T56,NULL
1122_535205,R678,ED301[GF]
1122_535206,T2,ED220[GF]
1122_535206,F56,ED116[GF]
1122_535207,T2,ED116[GF]
1122_535207,R34,ED203[GF]
1122_535208,M2,ED101[GF]
1122_535209,W567,ED101[GF]
1122_535209,Wab,NULL
1122_535210,T7,ED301[GF]
1122_535210,F34,ED101[GF]
1122_535211,T34,ED220[GF]
1122_535212,M789,EDB07[GF]
1122_535213,W567,ED201[GF]
1122_535214,R567,ED201[GF]
1122_535215,M34n,ED219[GF]
1122_535216,T7,NULL
1122_535217,M56,ED101[GF]
1122_535217,W78,ED220[GF]
1122_535218,M34,ED201[GF]
1122_535219,T78,ED101[GF]
1122_535220,R678,ED220[GF]
1122_535221,F678,NULL
1122_535222,F234,ED219[GF]
1122_535223,Rabc,EDB06[GF]
1122_535224,W56ab,NULL
1122_535225,W789,ED103[GF]
1122_535226,T34,ED201[GF]
1122_535226,R5,ED101[GF]
1122_535227,W78,ED219[GF]
1122_535227,F56,EDB27[GF]
1122_535228,R34n,NULL
1122_535229,T8,ED220[GF]
1122_535229,R34,ED116[GF]
1122_535230,W234,ED219[GF]
1122_535231,W789,ED203[GF]
1122_535232,T789,ED201[GF]
1122_535233,Fb,ED116[GF]
1122_535234,F678,ED201[GF]
1122_535301,W56,EEB24[GF]
1122_535302,F234,EE623[GF]
1122_535303,R234,EE208[GF]
1122_535304,R567,EE635[GF]
1122_535305,M567,EE207[GF]
1122_535306,R234,EE635[GF]
1122_535307,R234,EE207[GF]
1122_535308,R345,EE118[GF]
1122_535309,M567,EE623[GF]
1122_535310,T567,EE102[GF]
1122_535311,R567,EE209[GF]
1122_535312,T567,EE623[GF]
1122_535313,M234,EE220[GF]
1122_535314,F34n,A301[GF]
1122_535351,W56,ED219[GF]
1122_535352,W56,EDB26[GF]
1122_535353,W234,ED301[GF]
1122_535354,W234,EDB07[GF]
1122_535355,F234,EE112[GF]
1122_535356,T56,ED303[GF]
1122_535356,T7,ED814[GF]
1122_535357,R567,ED103[GF]
1122_535358,Wabc,ED713[GF]
1122_535359,Tabc,ED103[GF]
1122_535360,T234,EDB26[GF]
1122_535361,T567,EDB07[GF]
1122_535362,F567,ED103[GF]
1122_535363,Mabc,ED103[GF]
1122_535364,F567,ED220[GF]
1122_535366,R789,EDB01[GF]
1122_535368,T789,ED303[GF]
1122_535369,M678,ED203[GF]
1122_535370,M234,ED301[GF]
1122_535371,W789,EDB01[GF]
1122_535373,Wabc,ED103[GF]
1122_535400,W567,CY203[GF]
1122_535401,T567,EO103[GF]
1122_535402,R234,CY201[GF]
1122_535404,F56,EO103[GF]
1122_535405,F234,CY203[GF]
1122_535406,W234,EO115[GF]
1122_535407,F234,CY202[GF]
1122_535408,W567,EO115[GF]
1122_535409,T567,CY201[GF]
1122_535410,R567,CY203[GF]
1122_535411,R234,EO115[GF]
1122_535412,Wabc,CY201[GF]
1122_535413,M678,CY201[GF]
1122_535414,Fabc,EO103[GF]
1122_535416,R567,EO103[GF]
1122_535417,M234,CY203[GF]
1122_535418,W567,EO105[GF]
1122_535419,R567,EO105[GF]
1122_535420,F234,CY201[GF]
1122_535421,F234,NULL
1122_535421,F234,YT003[YM]
1122_535422,R234,EO105[GF]
1122_535423,M567,EO115[GF]
1122_535450,W56,ED301[GF]
1122_535500,R234,EC115[GF]
1122_535501,M567,ED302[GF]
1122_535502,M34,ED302[GF]
1122_535502,Rabc,EC220[GF]
1122_535502,Rabc,EC221[GF]
1122_535502,Rabc,EC222[GF]
1122_535503,W34,EC122[GF]
1122_535504,M7,EC122[GF]
1122_535505,M56,ED117[GF]
1122_535507,Rn56,EC114[GF]
1122_535508,Tabc,EC114[GF]
1122_535509,M34,ED117[GF]
1122_535512,R56,CS
1122_535513,M56,ED202[GF]
1122_535514,M34,ED202[GF]
1122_535515,W34n,ED302[GF]
1122_535516,T34,EC115[GF]
1122_535517,M56,ED102[GF]
1122_535518,T567,ED202[GF]
1122_535519,T56,EC315[GF]
1122_535520,R34,EC114[GF]
1122_535520,R34,YL403[YM]
1122_535521,M34,ED102[GF]
1122_535522,M7,ED202[GF]
1122_535523,F34,EC329[GF]
1122_535524,M56,EC016[GF]
1122_535525,R34,EC329[GF]
1122_535526,R567,EC329[GF]
1122_535527,R78,EC114[GF]
1122_535528,Tabc,EC329[GF]
1122_535529,F34,EC115[GF]
1122_535530,M78,EC114[GF]
1122_535531,Wabc,ED117[GF]
1122_535600,W78,ED117[GF]
1122_535602,T34n,ED117[GF]
1122_535603,Rabc,EC114[GF]
1122_535604,T56,ED302[GF]
1122_535605,W34,ED202[GF]
1122_535606,Tabc,EC222[GF]
1122_535608,Rabc,ED117[GF]
1122_535651,T34,EC016[GF]
1122_535652,W34n,EC015[GF]
1122_535653,F567,EC122[GF]
1122_535654,M34n,EC016[GF]
1122_535655,T34,ED102[GF]
1122_535656,Rabc,EC122[GF]
1122_535657,F34,ED302[GF]
1122_535700,W78,EC115[GF]
1122_535702,T56,EC115[GF]
1122_535703,Mz12,EC114[GF]
1122_535900,W567,AB101[GF]
1122_535902,M234,EE106[GF]
1122_535903,M567,EE116[GF]
1122_535904,T567,EE116[GF]
1122_535905,T567,EE117[GF]
1122_535906,W34n,EE231[GF]
1122_535907,R234,EE116[GF]
1122_535908,R567,EE102[GF]
1122_535909,R567,EE105[GF]
1122_535910,F234,EE132[GF]
1122_535911,F567,EE116[GF]
1122_535912,T234,EE116[GF]
1122_535952,S567,NULL
1122_535953,S234,NULL
1122_536070,M234,EE130[GF]
1122_536071,M678,EE230[GF]
1122_536072,Rabc,NULL
1122_536073,W678,EE206[GF]
1122_536074,F34,EE324[GF]
1122_536075,W234,EE324[GF]
1122_536076,Wabc,EE130[GF]
1122_536077,R234,EE205[GF]
1122_536100,Mabc,EE210[GF]
1122_536101,T567,EE106[GF]
1122_536102,M567,EE132[GF]
1122_536103,W234,EE230[GF]
1122_536104,Tabc,EE132[GF]
1122_536105,M234,EE206[GF]
1122_536107,T34,EE210[GF]
1122_536108,M567,EE324[GF]
1122_536109,M567,EE205[GF]
1122_536111,Tabc,EE210[GF]
1122_536112,T234,EE130[GF]
1122_536113,Tabc,CS100[GF]
1122_536114,Wabc,CS100[GF]
1122_536115,W234,EE205[GF]
1122_536116,R78,EEB24[GF]
1122_536117,W567,EE130[GF]
1122_536118,T567,EE205[GF]
1122_536119,T567,EE230[GF]
1122_536120,T234,NULL
1122_536121,W567,EE205[GF]
1122_536200,M234,EB404[GF]
1122_536201,M234,CS
1122_536202,M567,EB415[GF]
1122_536203,M567,EB402[GF]
1122_536204,T234,EB115[GF]
1122_536205,T234,EB403[GF]
1122_536206,T234,EB404[GF]
1122_536207,T567,EB415[GF]
1122_536208,T567,EB404[GF]
1122_536209,T567,EB227[GF]
1122_536210,Wn56,EB117[GF]
1122_536210,Wn56,EB227[GF]
1122_536211,R567,EB227[GF]
1122_536212,W234,EB227[GF]
1122_536213,W234,EB403[GF]
1122_536214,W234,EB404[GF]
1122_536215,R234,EB115[GF]
1122_536216,R567,EB402[GF]
1122_536217,R567,EB108[GF]
1122_536218,Tabc,EB117[GF]
1122_536219,F234,EB404[GF]
1122_536220,R234,EB403[GF]
1122_536221,F234,EB403[GF]
1122_536222,F567,NULL
1122_536224,M567,EB403[GF]
1122_536225,F567,EB227[GF]
1122_536226,R567,EB403[GF]
1122_536227,F567,EB115[GF]
1122_536300,W56,EF104[GF]
1122_536301,T567,NULL
1122_536302,W2,EF202[GF]
1122_536303,W234,EF201[GF]
1122_536304,F567,EF202[GF]
1122_536305,T7,EF201[GF]
1122_536306,T678,EF207[GF]
1122_536307,R567,EF202[GF]
1122_536308,T234,EF207[GF]
1122_536309,M234,NULL
1122_536310,M234,EF207[GF]
1122_536311,M4,EF201[GF]
1122_536312,M67,EF207[GF]
1122_536313,F234,EF207[GF]
1122_536314,W789,EF104[GF]
1122_536315,T567,NULL
1122_536400,R234,EF207[GF]
1122_536450,R234,EV402[GF]
1122_536451,T567,EV407[GF]
1122_536452,W567,EV407[GF]
1122_536454,F234,EV102[GF]
1122_536455,R567,EV402[GF]
1122_536456,W234,EV307[GF]
1122_536457,T234,EV307[GF]
1122_536458,M567,EV307[GF]
1122_536459,M234,EV402[GF]
1122_536600,R56,SC001[GF]
1122_536601,R789,SC160[GF]
1122_536602,T789,SC160[GF]
1122_536603,M567,SC162[GF]
1122_536604,M34,SC158[GF]
1122_536605,M2,SC160[GF]
1122_536606,T234,SC162[GF]
1122_536607,R234,SC162[GF]
1122_536608,F234,SC162[GF]
1122_536609,T56,SC160[GF]
1122_536610,T34,SC259[GF]
1122_536610,W8,SC160[GF]
1122_536611,W789,SC162[GF]
1122_536612,F567,SC162[GF]
1122_536613,M56,SC105[GF]
1122_536700,M34,SA223[GF]
1122_536701,T234,SA223[GF]
1122_536702,M78,SA213[GF]
1122_536703,W34,SA212[GF]
1122_536704,T78,SA213[GF]
1122_536705,T56,SA223[GF]
1122_536706,M34,SA214[GF]
1122_536707,T78,SA214[GF]
1122_536708,R678,SA211[GF]
1122_536709,T789,SA215[GF]
1122_536710,M56,SA223[GF]
1122_536711,F234,SA214[GF]
1122_536750,F234,SA211[GF]
1122_536800,W34,EO701[GF]
1122_536801,W34,SB203[GF]
1122_536802,M34,SB522[GF]
1122_536803,M34,SB201[GF]
1122_536804,F5678,SB210[GF]
1122_536806,M567,SB211[GF]
1122_536807,R3,SB203[GF]
1122_536808,T34,SB202[GF]
1122_536809,T78,SB202[GF]
1122_536810,W234,SB202[GF]
1122_536811,R567,SB203[GF]
1122_536812,M567,SC159[GF]
1122_536813,W234,EO615[GF]
1122_536814,W678,EO615[GF]
1122_536850,F34,SB201[GF]
1122_536851,T567,SB201[GF]
1122_536852,T567,SC159[GF]
1122_536853,R567,SB211[GF]
1122_536854,W567,SC159[GF]
1122_536855,M567,SB522[GF]
1122_536856,T234,SB201[GF]
1122_536857,R567,SB202[GF]
1122_536858,M3456,SB429[GF]
1122_536900,M234,A406[GF]
1122_536901,M567,A406[GF]
1122_536902,T567,A406[GF]
1122_536903,W234,A406[GF]
1122_536904,R567,A406[GF]
1122_536905,F34n,A427[GF]
1122_536906,F567,A407[GF]
1122_536950,M8,SC157[GF]
1122_536951,W8,SC157[GF]
1122_536952,T6,NULL
1122_536953,W34n,NULL
1122_536954,R56,SC157[GF]
1122_536955,M567,SC157[GF]
1122_536956,T234,NULL
1122_536957,R34n,SC157[GF]
1122_536958,M34,SC157[GF]
1122_536959,Tn5,SC157[GF]
1122_537000,M567,M105[GF]
1122_537001,M34n,M301[GF]
1122_537002,M567,M115[GF]
1122_537003,T34n,M205[GF]
1122_537004,T567,M104[GF]
1122_537005,W34n,M301[GF]
1122_537006,W567,M104[GF]
1122_537007,W789,AB102[GF]
1122_537007,W789,YT301[YM]
1122_537008,F678,M205[GF]
1122_537009,W567,M105[GF]
1122_537010,W678,M115[GF]
1122_537011,W678,NULL
1122_537012,Wabc,M105[GF]
1122_537013,R34n,M105[GF]
1122_537015,R34n,M205[GF]
1122_537016,R678,M104[GF]
1122_537017,R567,M205[GF]
1122_537018,F567,M301[GF]
1122_537021,R567,M301[GF]
1122_537150,T234,MB110[GF]
1122_537151,W567,M116[GF]
1122_537152,Tab,MB110[GF]
1122_537153,R567,MB110[GF]
1122_537154,T567,MB110[GF]
1122_537155,Rabc,MB110[GF]
1122_537200,M56,A901[GF]
1122_537201,M56,TB429[BM]
1122_537202,W78,A905[GF]
1122_537203,F56,TB429[BM]
1122_537204,Mabc,A904[GF]
1122_537205,W234,A904[GF]
1122_537206,T789,A904[GF]
1122_537207,R234,A904[GF]
1122_537208,T567,A905[GF]
1122_537209,M789,A904[GF]
1122_537211,F234,TB429[BM]
1122_537212,R234,TB429[BM]
1122_537213,M234,TB429[BM]
1122_537214,M789,TB429[BM]
1122_537215,T567,TB429[BM]
1122_537216,W234,TB429[BM]
1122_537300,R567,TB429[BM]
1122_537301,T234,A905[GF]
1122_537302,W678,TB429[BM]
1122_537400,M56,MB520[GF]
1122_537401,M234,MB520[GF]
1122_537402,M234,MB414[GF]
1122_537403,T234,MB413[GF]
1122_537404,T234,MB506[GF]
1122_537405,T567,MB418[GF]
1122_537406,T678,MB414[GF]
1122_537407,W234,MB405[GF]
1122_537408,W234,MB110[GF]
1122_537409,R234,MB413[GF]
1122_537411,R567,MB418[GF]
1122_537412,F567,MB110[GF]
1122_537600,R56,AB101[GF]
1122_537601,T89a,MB311[GF]
1122_537602,Wabc,MB304[GF]
1122_537603,R234,MB311[GF]
1122_537604,R56,AB101[GF]
1122_537605,R234,MB312[GF]
1122_537606,T234,MB311[GF]
1122_537607,S567,MB311[GF]
1122_537608,M567,MB304[GF]
1122_537609,W34n,MB304[GF]
1122_537610,W567,MB311[GF]
1122_537700,R567,M101[GF]
1122_537701,R234,M
1122_537702,F234,M101[GF]
1122_537703,T567,M101[GF]
1122_537704,M234,M
1122_537705,W1,M102[GF]
1122_537706,F234,M
1122_537707,W567,M
1122_537708,Tabc,M115[GF]
1122_537709,Mabc,M
1122_537710,Tabc,M102[GF]
1122_537711,W89a,M101[GF]
1122_537712,M567,M
1122_537713,R89a,M101[GF]
1122_537714,W234,M102[GF]
1122_537715,F567,M116[GF]
1122_537716,M234,M102[GF]
1122_537717,W789,M102[GF]
1122_537718,Rabc,M115[GF]
1122_537800,W123,A701[GF]
1122_537801,Wabc,A701[GF]
1122_537802,W234,A722[GF]
1122_537803,T234,A722[GF]
1122_537804,W56,A722[GF]
1122_537805,W56,A701[GF]
1122_537806,R234,A701[GF]
1122_537807,M234,A701[GF]
1122_537809,U234,A701[GF]
1122_537810,R567,A701[GF]
1122_537811,W789,A722[GF]
1122_537812,R234,A722[GF]
1122_537813,F234,A701[GF]
1122_537814,Rn56,A722[GF]
1122_537815,Fn56,A722[GF]
1122_537816,T34n,A718[GF]
1122_537817,T567,A701[GF]
1122_537818,Fabc,A701[GF]
1122_537819,W789,A718[GF]
1122_537900,Rz12,NULL
1122_537901,Mz12,NULL
1122_537903,F567,MB1069[GF]
1122_537906,F1,NULL
1122_537907,Sabcd,ES806[GF]
1122_537908,M56,MB1069[GF]
1122_537909,Tz12,NULL
1122_537910,W23,MB1069[GF]
1122_537911,W34,MB1063[GF]
1122_537912,R34,MB1063[GF]
1122_537914,W78,MB1069[GF]
1122_537915,R34,MB1069[GF]
1122_537916,F567,AB101[GF]
1122_537917,Sn5,NULL
1122_537919,Uz12,NULL
1122_537920,U34,NULL
1122_537921,Syz1,NULL
1122_537922,W34n,YL403[YM]
1122_537923,R67,MB1063[GF]
1122_537924,F234,MB1063[GF]
1122_539000,R8,NULL
1122_539001,R567,NULL
1122_539002,W567,NULL
1122_539003,T56,NULL
1122_539004,R234,NULL
1122_539005,F567,NULL
1122_539100,W234,EDB06[GF]
1122_539101,T678,EDB06[GF]
1122_539102,W567,EDB06[GF]
1122_539103,T234,EDB06[GF]
1122_539104,R567,EDB06[GF]
1122_539105,R348,EDB06[GF]
1122_539106,F234,EDB06[GF]
1122_545451,Mz1,EE112[GF]
1122_545452,Mz1,EE113[GF]
1122_545453,Mz1,EE117[GF]
1122_545454,Mz1,EE118[GF]
1122_545455,F567,EE118[GF]
1122_545456,T234,EE118[GF]
1122_545457,T567,EE112[GF]
1122_545458,F567,EE112[GF]
1122_545459,W234,EE102[GF]
1122_545460,T567,EE118[GF]
1122_545461,R567,EE117[GF]
1122_545462,T234,EE112[GF]
1122_545463,R234,EDB01[GF]
1122_545464,W56,EE105[GF]
1122_545465,R234,EE112[GF]
1122_545466,R567,EE113[GF]
1122_545501,R56,ED302[GF]
1122_547100,F78,TB429[BM]
1122_547700,W56,M102[GF]
1122_547701,W56,NULL
1122_547702,M567,M102[GF]
1122_547900,U56,NULL
1122_547901,Wy,NULL
1122_557605,Tabc,MB304[GF]
1122_557807,U56789a,A701[GF]
1122_557901,Mab,TA505[BM]
1122_557903,Mab,NULL
1122_557904,Mabc,MB1069[GF]
1122_557906,Rabc,TA505[BM]
1122_557907,Tabc,MB1069[GF]
1122_557908,Wab,MB1063[GF]
1122_557910,Wab,A103[GF]
1122_557911,Wabc,MB1069[GF]
1122_557912,R567,MB1069[GF]
1122_557916,Rabc,MB1063[GF]
1122_557917,Rabc,EE209[GF]
1122_557918,F234,MB1069[GF]
1122_557919,Fab,MB1069[GF]
1122_557923,F567,ES806[GF]
1122_557927,S678,MB1069[GF]
1122_557927,S678,TA505[BM]
1122_557929,T567,MB1069[GF]
1122_557930,Tabc,MB1063[GF]
1122_561000,W78,YT206[YM]
1122_561001,R34,A316[GF]
1122_561002,M56,A503[GF]
1122_561003,W34,A503[GF]
1122_561004,W56,A503[GF]
1122_561005,F34,A503[GF]
1122_561006,F56,A503[GF]
1122_561007,M12,A202[GF]
1122_561008,M34,A202[GF]
1122_561009,F56,A102[GF]
1122_561010,F78,A102[GF]
1122_561011,W34,CS
1122_561012,W56,CS
1122_561013,T34,A102[GF]
1122_561014,T56,A102[GF]
1122_561015,R34,A102[GF]
1122_561016,R56,A102[GF]
1122_561017,T56,A205[GF]
1122_561018,M56,HC512[GF]
1122_561019,W34,A401[GF]
1122_561020,W56,A202[GF]
1122_561021,W567,A204[GF]
1122_561022,T12,YX502[YM]
1122_561023,T34,YX502[YM]
1122_561024,R12,YX502[YM]
1122_561025,R34,YX502[YM]
1122_561026,W34,HC101[GF]
1122_561027,R789,A102[GF]
1122_561027,R789,YT301[YM]
1122_561028,T34,A401[GF]
1122_561029,T56,A401[GF]
1122_561030,W34,A204[GF]
1122_561031,W56,A401[GF]
1122_561032,R34,A310[GF]
1122_561033,W56,A205[GF]
1122_561034,W34,A205[GF]
1122_561035,M56,A102[GF]
1122_561036,W34,A102[GF]
1122_561037,W56,Lib
1122_561038,R34,A503[GF]
1122_561039,R678,A503[GF]
1122_561040,F34,A204[GF]
1122_561041,F56,A204[GF]
1122_561042,W567,M101[GF]
1122_561043,M567,A103[GF]
1122_561044,T78,A103[GF]
1122_561045,T34,A103[GF]
1122_561046,M56,A204[GF]
1122_561047,F34,F110[GF]
1122_561048,F67,A202[GF]
1122_561049,F89,A202[GF]
1122_561050,R34n,A205[GF]
1122_561051,R78,A205[GF]
1122_561052,F34,A205[GF]
1122_561053,T78,A205[GF]
1122_561054,F12,CS
1122_561055,F34,CS
1122_561056,T34,A202[GF]
1122_561058,R34,A202[GF]
1122_561059,R78,A202[GF]
1122_561060,T34,A302[GF]
1122_561061,R34,A309[GF]
1122_561062,T34,A205[GF]
1122_561063,T34,YX501[YM]
1122_561064,R34,A401[GF]
1122_561066,R34,A204[GF]
1122_561067,R56,A204[GF]
1122_561068,W12,A202[GF]
1122_561069,W34,A202[GF]
1122_561070,M34,A205[GF]
1122_561071,M56,A205[GF]
1122_561072,R34,EE210[GF]
1122_561073,F567,A205[GF]
1122_561074,Tab,A205[GF]
1122_561075,T34,HC103[GF]
1122_561076,T34,YX503[YM]
1122_561077,R34,A103[GF]
1122_561078,R56,A103[GF]
1122_561079,T56,A202[GF]
1122_561080,M78,Lib
1122_561082,R56,HC101[GF]
1122_561083,T56,A204[GF]
1122_561084,R56,A401[GF]
1122_561085,F567,F207[GF]
1122_561086,T34,A204[GF]
1122_561087,T78,A202[GF]
1122_561500,M78,A202[GF]
1122_561501,T89,A901[GF]
1122_561502,M78,ED117[GF]
1122_562000,M78,HC101[GF]
1122_562001,T12,A505[GF]
1122_562003,W34,A502[GF]
1122_562004,F12,A502[GF]
1122_562005,F34,A502[GF]
1122_562006,F34,A402[GF]
1122_562007,M56,A501[GF]
1122_562008,M78,A501[GF]
1122_562009,W12,A405[GF]
1122_562010,R34,A307[GF]
1122_562011,T34,A503[GF]
1122_562012,T78,A405[GF]
1122_562013,W34,A307[GF]
1122_562014,W34,A310[GF]
1122_562015,W56,A501[GF]
1122_562016,W56,A307[GF]
1122_562017,R56,A402[GF]
1122_562018,M78,A405[GF]
1122_562019,T12,A405[GF]
1122_562020,T34,A405[GF]
1122_562021,W34,A309[GF]
1122_562022,W56,A502[GF]
1122_562023,M34,A505[GF]
1122_562024,M56,A405[GF]
1122_562025,T12,A402[GF]
1122_562026,T56,A505[GF]
1122_562027,R34,A505[GF]
1122_562028,R56,A505[GF]
1122_562029,M56,A402[GF]
1122_562030,T12,A307[GF]
1122_562031,F34,NULL
1122_562032,F56,NULL
1122_562033,W34,A501[GF]
1122_562035,W12,A502[GF]
1122_562036,T34,A504[GF]
1122_562037,M12,A505[GF]
1122_562038,F56,A308[GF]
1122_562039,T34,A506[GF]
1122_562040,R56,A506[GF]
1122_562041,R12,A308[GF]
1122_562042,R34,A308[GF]
1122_562043,W56,A310[GF]
1122_562044,R12,A501[GF]
1122_562045,R56,A405[GF]
1122_562046,R78,A405[GF]
1122_562047,R34,A501[GF]
1122_562048,R56,A403[GF]
1122_562049,R34,HC101[GF]
1122_562050,W34,A504[GF]
1122_562051,W56,A506[GF]
1122_562052,W12,A505[GF]
1122_562053,F78,A502[GF]
1122_562054,F12,A506[GF]
1122_562055,F34,A506[GF]
1122_562056,R56,A504[GF]
1122_562057,R78,A504[GF]
1122_562058,T56,A506[GF]
1122_562059,F34,NULL
1122_562060,M34,A501[GF]
1122_562061,M56,A308[GF]
1122_562062,T12,A501[GF]
1122_562063,W12,A308[GF]
1122_562064,T56,A304[GF]
1122_562065,R12,A502[GF]
1122_562066,R78,A501[GF]
1122_562067,F12,A308[GF]
1122_562068,M56,A307[GF]
1122_562069,T56,A308[GF]
1122_562070,T78,A501[GF]
1122_562071,W12,A501[GF]
1122_562072,T12,A304[GF]
1122_562073,T34,A304[GF]
1122_562074,R56,A307[GF]
1122_562075,T78,A308[GF]
1122_562076,R56,A308[GF]
1122_562077,R78,A308[GF]
1122_562078,T56,A501[GF]
1122_562079,W34,A308[GF]
1122_562080,R56,A501[GF]
1122_562081,T34,A501[GF]
1122_562082,F34,A308[GF]
1122_562083,R34,A502[GF]
1122_562084,M34,A502[GF]
1122_562085,T34,A307[GF]
1122_562086,R78,A502[GF]
1122_562087,T56,A502[GF]
1122_562088,R56,A502[GF]
1122_562089,T78,A502[GF]
1122_562090,Mab,A501[GF]
1122_562091,W34,A405[GF]
1122_562092,T34,A308[GF]
1122_562093,T56,A405[GF]
1122_562094,W56,A405[GF]
1122_562095,T12,A502[GF]
1122_562096,T56,A307[GF]
1122_562097,F34,A405[GF]
1122_562098,T34,A502[GF]
1122_562099,F56,A405[GF]
1122_562100,M34,A307[GF]
1122_562101,M56,A502[GF]
1122_562102,F34,A501[GF]
1122_562103,M78,A502[GF]
1122_562104,F12,A505[GF]
1122_562105,F56,A502[GF]
1122_562106,Fab,NULL
1122_563000,F78,PE[GF]
1122_563001,F78,PE[GF]
1122_563002,M34,PE[GF]
1122_563003,M34,PE[GF]
1122_563004,M34,PE[GF]
1122_563005,M34,PE[GF]
1122_563006,W12,PE[GF]
1122_563007,W12,PE[GF]
1122_563008,W12,PE[GF]
1122_563009,W12,PE[GF]
1122_563010,R12,PE[GF]
1122_563011,R12,PE[GF]
1122_563012,R12,PE[GF]
1122_563013,M12,PE[GF]
1122_563014,M78,PE[GF]
1122_563015,M78,PE[GF]
1122_563016,F78,PE[GF]
1122_563017,R12,PE[GF]
1122_563018,M12,PE[GF]
1122_563019,M12,PE[GF]
1122_563020,M56,PE[GF]
1122_563021,F78,PE[GF]
1122_563022,R34,PE[GF]
1122_563023,R34,PE[GF]
1122_563024,R34,PE[GF]
1122_563025,M56,PE[GF]
1122_563026,W34,PE[GF]
1122_563027,W34,PE[GF]
1122_563028,R34,PE[GF]
1122_563029,F56,PE[GF]
1122_563030,F56,PE[GF]
1122_563031,T78,PE[GF]
1122_563032,T78,PE[GF]
1122_563033,T78,PE[GF]
1122_563034,T78,PE[GF]
1122_563035,T78,PE[GF]
1122_563036,T78,PE[GF]
1122_563037,T78,PE[GF]
1122_563038,T78,PE[GF]
1122_563039,T78,PE[GF]
1122_563040,T78,PE[GF]
1122_563041,T56,PE[GF]
1122_563042,T56,PE[GF]
1122_563043,T56,PE[GF]
1122_563045,T56,PE[GF]
1122_563046,T56,PE[GF]
1122_563047,T56,PE[GF]
1122_563048,T56,PE[GF]
1122_563049,T56,PE[GF]
1122_563050,F34,PE[GF]
1122_563051,F34,PE[GF]
1122_563052,F34,PE[GF]
1122_563053,F34,PE[GF]
1122_563054,F34,PE[GF]
1122_563055,F34,PE[GF]
1122_563056,F34,PE[GF]
1122_563057,F34,PE[GF]
1122_563058,F34,PE[GF]
1122_563059,F34,PE[GF]
1122_563060,F12,PE[GF]
1122_563061,F12,PE[GF]
1122_563062,F12,PE[GF]
1122_563063,F12,PE[GF]
1122_563064,F12,PE[GF]
1122_563065,F12,PE[GF]
1122_563066,F12,PE[GF]
1122_563067,F12,PE[GF]
1122_563068,M56,PE[GF]
1122_563069,M78,PE[GF]
1122_563070,T78,PE[GF]
1122_563071,R56,PE[GF]
1122_563072,R56,PE[GF]
1122_563073,R56,PE[GF]
1122_563074,R56,PE[GF]
1122_563075,R78,PE[GF]
1122_563076,F56,PE[GF]
1122_563077,F56,PE[GF]
1122_563078,R78,PE[GF]
1122_563079,R78,PE[GF]
1122_563080,F12,PE[GF]
1122_563081,W56,PE[GF]
1122_563082,R56,PE[GF]
1122_563083,W56,PE[GF]
1122_563084,R56,PE[GF]
1122_563085,W56,PE[GF]
1122_563086,R56,PE[GF]
1122_563087,W56,PE[GF]
1122_563088,R56,PE[GF]
1122_563089,W56,PE[GF]
1122_563090,T12,PE[GF]
1122_563091,T34,PE[GF]
1122_563092,T34,PE[GF]
1122_563093,W12,PE[GF]
1122_563094,W34,PE[GF]
1122_563095,W56,PE[GF]
1122_563096,R78,PE[GF]
1122_563097,F34,PE[GF]
1122_563098,F56,PE[GF]
1122_563099,F56,PE[GF]
1122_563100,F78,PE[GF]
1122_563101,R34,PE[GF]
1122_563102,Wz1,PE[GF]
1122_563117,R78,PE[GF]
1122_563118,Wab,PE[GF]
1122_563119,R78,PE[GF]
1122_563120,Wab,PE[GF]
1122_563121,M56,PE[GF]
1122_563122,M56,PhE[YM]
1122_563123,M78,PhE[YM]
1122_563124,F56,PhE[YM]
1122_563125,F78,PhE[YM]
1122_563126,M56,PhE[YM]
1122_563127,T78,PhE[YM]
1122_563128,M12,PhE[YM]
1122_563129,F12,PhE[YM]
1122_563130,T12,PhE[YM]
1122_563131,T78,PhE[YM]
1122_563132,M12,PhE[YM]
1122_563133,M12,PhE[YM]
1122_563134,M34,PhE[YM]
1122_563135,M34,PhE[YM]
1122_563136,M56,PhE[YM]
1122_563137,M78,PhE[YM]
1122_563138,M78,PhE[YM]
1122_563139,M78,PhE[YM]
1122_563140,M78,PhE[YM]
1122_563141,T12,PhE[YM]
1122_563142,T12,PhE[YM]
1122_563143,T34,PhE[YM]
1122_563144,T34,PhE[YM]
1122_563145,W12,PhE[YM]
1122_563146,W12,PhE[YM]
1122_563147,W56,PhE[YM]
1122_563148,W56,PhE[YM]
1122_563149,W78,PhE[YM]
1122_563150,W78,PhE[YM]
1122_563151,R12,PhE[YM]
1122_563152,R12,PhE[YM]
1122_563153,R34,PhE[YM]
1122_563154,R34,PhE[YM]
1122_563155,F34,PhE[YM]
1122_563156,F34,PhE[YM]
1122_563157,F56,PhE[YM]
1122_563158,F56,PhE[YM]
1122_563159,F78,PhE[YM]
1122_564000,T34,SA321[GF]
1122_564001,T34,SC106[GF]
1122_564002,T34,SC152[GF]
1122_564003,T34,SC201[GF]
1122_564004,T34,SC206[GF]
1122_564005,T34,SC204[GF]
1122_564006,T34,SC110[GF]
1122_564007,T34,SA320[GF]
1122_564008,T34,SC151[GF]
1122_564009,T34,SC109[GF]
1122_564011,M78,SA321[GF]
1122_564012,M78,SC106[GF]
1122_564013,M78,SC201[GF]
1122_564014,M78,SC207[GF]
1122_564015,M78,SC110[GF]
1122_564016,M78,SC109[GF]
1122_564017,M78,SC204[GF]
1122_564018,M78,SC152[GF]
1122_564019,M78,EE105[GF]
1122_564020,Mab,SA321[GF]
1122_564021,T34,A305[GF]
1122_564021,T34,SC207[GF]
1122_564022,Fn,SA214[GF]
1122_565000,M34,SA321[GF]
1122_565001,M34,SA320[GF]
1122_565002,M34,SC106[GF]
1122_565003,M34,SC001[GF]
1122_565004,M34,SA311[GF]
1122_565005,T78,SA321[GF]
1122_565006,T78,SA320[GF]
1122_565007,T78,SC106[GF]
1122_565008,T78,EC015[GF]
1122_565009,T78,SC001[GF]
1122_565010,T7,SC105[GF]
1122_565011,Fbc,SA321[GF]
1122_565012,Fbc,SC106[GF]
1122_565013,Fbc,SC109[GF]
1122_565014,Fbc,SC110[GF]
1122_565015,Fbc,SC152[GF]
1122_565016,Fbc,SC157[GF]
1122_565017,Fbc,SC158[GF]
1122_565018,Fbc,SC160[GF]
1122_565019,M567,SA014[GF]
1122_565020,M567,SA015[GF]
1122_565021,M234,SA014[GF]
1122_565022,T234,SA015[GF]
1122_565023,W234,SA014[GF]
1122_565024,W234,SA015[GF]
1122_565025,Wn56,SA014[GF]
1122_565026,Wn56,SA015[GF]
1122_565029,M34,SC162[GF]
1122_566000,T56,SC106[GF]
1122_566001,M12,SC109[GF]
1122_566002,T56,SC110[GF]
1122_566003,T56,SC151[GF]
1122_566004,T56,SC105[GF]
1122_566005,T56,SC109[GF]
1122_566006,M56,SC109[GF]
1122_566007,T234,SB119[GF]
1122_566008,W234,SB119[GF]
1122_566009,M567,SB119[GF]
1122_566010,R234,SB119[GF]
1122_567000,Wn56,SA320[GF]
1122_567001,Wn56,SC106[GF]
1122_567002,M9ab,NULL
1122_567003,R567,NULL
1122_567004,R567,NULL
1122_567005,T2,EE105[GF]
1122_567006,Wn56,SA321[GF]
1122_567007,R234,NULL
1122_571000,R9a,YK101[YM]
1122_571001,W9,NULL
1122_571002,Mn,ED202[GF]
1122_571003,Wabc,NULL
1122_574000,W234,CS
1122_574001,R234,CS
1122_574002,Tabc,CS105[GF]
1122_574003,R567,CS105[GF]
1122_574004,M34,CS105[GF]
1122_574005,R567,CS
1122_574006,R567,CS
1122_574007,M56,YL402[YM]
1122_574008,W56,YL402[YM]
1122_574009,T567,CS
1122_576001,W34n,A103[GF]
1122_576002,M567,NULL
1122_576003,F234,EE229[GF]
1122_576004,T56,EA101[GF]
1122_579000,M78,NULL
1122_579001,W34,A315[GF]
1122_579002,F34,A403[GF]
1122_579003,W34,NULL
1122_579004,W12,A403[GF]
1122_579005,R34,A402[GF]
1122_579006,T56,YL403[YM]
1122_579007,M34,A403[GF]
1122_579008,W56,YX202[YM]
1122_579009,T34,YL404[YM]
1122_579010,T34,NULL
1122_579011,W34,A403[GF]
1122_579012,W34,A402[GF]
1122_579013,T34,A407[GF]
1122_579014,T34,A402[GF]
1122_579015,W56,A403[GF]
1122_579016,R56,NULL
1122_579017,M56,A403[GF]
1122_579018,W56,A402[GF]
1122_579019,R34,A315[GF]
1122_579020,W56,A315[GF]
1122_579021,R78,A403[GF]
1122_579022,T12,A403[GF]
1122_579023,R34,A403[GF]
1122_579024,T34,A403[GF]
1122_579025,W34,YX202[YM]
1122_579026,M34,A402[GF]
1122_579027,M12,A403[GF]
1122_599000,F56,HA219[GF]
1122_599000,F56,YT305[YM]
1122_599001,M56,HA219[GF]
1122_599002,T56,HC104[GF]
1122_599003,W56,HA216[GF]
1122_599004,W56,HA208[GF]
1122_599005,W56,HA218[GF]
1122_599006,T78,HA108[GF]
1122_599007,T56,HA108[GF]
1122_599008,R12,HA219[GF]
1122_599009,R34,HA219[GF]
1122_599010,R56,HA219[GF]
1122_599011,T34,HA108[GF]
1122_599012,W34,HA109[GF]
1122_599013,M78,HA219[GF]
1122_599014,T34,HA217[GF]
1122_599015,W12,HA216[GF]
1122_599016,M5,HA218[GF]
1122_638000,W234,CM218[GR]
1122_638001,T234,CM218[GR]
1122_638002,M567,NULL
1122_638003,M567,NULL
1122_638004,F56,NULL
1122_638005,W1,NULL
1122_638006,Wy,NULL
1122_638007,Wy,NULL
1122_638008,Wz,NULL
1122_638009,W678,CM215[GR]
1122_638400,Tabc,NULL
1122_638401,W234,CM212[GR]
1122_638402,W678,CM212[GR]
1122_638403,R678,CM215[GR]
1122_638404,Mbc,CM212[GR]
1122_638405,Mabc,CM217[GR]
1122_638406,R234,CM217[GR]
1122_638407,R234,CM215[GR]
1122_638408,R678,CM214[GR]
1122_638500,M234,CM218[GR]
1122_638501,W567,CM214[GR]
1122_638502,R234,CM214[GR]
1122_638503,Wabc,CM216[GR]
1122_638504,Rabc,CM215[GR]
1122_638505,R234,CM216[GR]
1122_638506,F234,CM216[GR]
1122_638600,R678,CM217[GR]
1122_638601,F234,CM212[GR]
1122_638602,R678,CM216[GR]
1122_638603,Tabc,CM214[GR]
1122_639000,M234,CM216[GR]
1122_639001,M567,CM212[GR]
1122_639002,W234,CM216[GR]
1122_639003,W567,CM216[GR]
1122_639004,M234,CM212[GR]
1122_639005,F234,CM214[GR]
1122_639006,Fz1,NULL
1122_639007,F567,CM218[GR]
1122_639008,W234,CM214[GR]
1122_639100,T567,CM214[GR]
1122_639101,M567,CM214[GR]
1122_639102,T567,CM216[GR]
1122_639103,T234,CM212[GR]
1122_639103,R56,CM218[GR]
1122_639200,R234,CM212[GR]
1122_639200,R56,CM218[GR]
1122_639300,R23456,CM218[GR]
1122_648300,Fz1,NULL
1122_648301,F567,CM218[GR]
1122_910001,M34,NULL
1122_910002,W678,NULL
1122_910003,R234,NULL
1122_910004,R234,NULL
1122_910005,F234,NULL
1122_910006,Fbcd,NULL
1122_910007,T234,NULL
1122_910008,F234,NULL
1122_910009,Wabc,NULL
1122_910010,M678,NULL
1122_910011,M34,NULL
1122_910012,M678,NULL
1122_910013,R34,NULL
1122_910014,W678,NULL
1122_910015,T234,NULL
1122_910016,M678,NULL
1122_910017,T123,NULL
1122_910018,W346,NULL
1122_910019,R234,NULL
1122_910020,M12,NULL
1122_910021,M678,NULL
1122_910022,M678,NULL
1122_910023,M12,NULL
1122_910024,M678,NULL
1122_910025,W346,NULL
1122_910026,M34,NULL
1122_910027,T678,NULL
1122_910028,M678,NULL
1122_910029,Tabc,NULL
1122_910030,M678,NULL
1122_910031,W234,NULL
1122_910032,M12,NULL
1122_910033,T123,NULL
1122_910034,M678,NULL
1122_910035,M34,NULL
1122_910036,T678,NULL
1122_910037,M12,NULL
1122_910038,Wabc,NULL
1122_910039,W234,NULL
1122_910040,M12,NULL
1122_910041,M678,NULL
1122_910042,M678,NULL
1122_910043,T12,NULL
1122_910044,T678,NULL
1122_910045,M34,NULL
1122_910046,T678,NULL
1122_910047,M12,NULL
1122_910048,M9,NULL
1122_910049,M678,NULL
1122_910050,M678,NULL
1122_910051,M678,NULL
1122_910052,W678,NULL
1122_910053,Wabc,NULL
1122_910054,Tabc,NULL
1122_910055,T1,NULL
1122_910056,W12,NULL
1122_910057,W12,NULL
1122_910058,W12,NULL
1122_910059,R12,NULL
1122_910060,R12,NULL
1122_910061,R12,NULL
1122_910062,M34,NULL
1122_910063,M67,NULL
1122_910064,M67,NULL
1122_910065,T12,NULL
1122_910066,T12,NULL
1122_910067,T34,NULL
1122_910068,T34,NULL
1122_910069,T34,NULL
1122_910070,T67,NULL
1122_910071,T67,NULL
1122_910072,W34,NULL
1122_910073,W34,NULL
1122_910074,W34,NULL
1122_910075,W67,NULL
1122_910076,W67,NULL
1122_910077,R34,NULL
1122_910078,R34,NULL
1122_910079,R34,NULL
1122_910080,T12,NULL
1122_910081,R34,NULL
1122_910082,T67,NULL
1122_910083,R12,NULL
1122_910084,T34,NULL
1122_910085,R12,NULL
1122_910086,T678,NULL
1122_910087,M678,NULL
1122_910088,W234,NULL
1122_910089,T678,NULL
1122_910090,T678,NULL
1122_910091,W234,NULL
1122_910092,R234,NULL
1122_910093,M34,NULL
1122_910094,Mabc,NULL
1122_910095,T34,NULL
1122_910096,T678,NULL
1122_910097,W234,NULL
1122_910098,T9,NULL
1122_910099,F12,NULL
1122_910100,M67,NULL
1122_910101,T234,NULL
1122_910102,T67,NULL
1122_910103,W12,NULL
1122_910104,F234,NULL
1122_910105,F6,NULL
1122_910106,M678,NULL
1122_910107,T12,NULL
1122_910108,T34,NULL
1122_910109,W1,NULL
1122_910110,W234,NULL
1122_910111,F34,NULL
1122_910112,M678,NULL
1122_910113,T234,NULL
1122_910114,R12,NULL
1122_910115,F2,NULL
1122_910116,F34,NULL
1122_910117,M34,NULL
1122_910118,T234,NULL
1122_910119,T89,NULL
1122_910120,W34,NULL
1122_910121,R2,NULL
1122_910122,F234,NULL
1122_910123,M34,NULL
1122_910124,T1,NULL
1122_910125,T234,NULL
1122_910126,T678,NULL
1122_910127,R12,NULL
1122_910128,F34,NULL
1122_910129,Wab,NULL
1122_910130,M12,NULL
1122_910131,M9,NULL
1122_910132,M12,NULL
1122_910133,M12,NULL
1122_910134,M12,NULL
1122_910135,M12,NULL
1122_910136,M12,NULL
1122_910137,W678,NULL
1122_910138,Tabc,NULL
1122_910139,W234,NULL
1122_910140,Tabc,NULL
1122_910141,W678,NULL
1122_910142,M34,NULL
1122_910143,Mabc,NULL
1122_910144,Mabc,NULL
1122_910145,R234,NULL
1122_910146,M678,NULL
1122_910147,T678,NULL
1122_910148,T678,NULL
1122_910149,M678,NULL
1122_910150,M678,NULL
1122_910151,M678,NULL
1122_910152,M678,NULL
1122_910153,M678,NULL
1122_910154,M678,NULL
1122_910155,M678,NULL
1122_910156,W234,NULL
1122_910157,Wabc,NULL
1122_910158,W678,NULL
1122_910159,Mabc,NULL
1122_910160,M3,NULL
1122_910161,R12,NULL
1122_910162,M678,NULL
1122_910163,M678,NULL
1122_910164,M678,NULL
1122_910165,M678,NULL
1122_910166,M678,NULL
1122_910167,M678,NULL
1122_910168,M678,NULL
1122_910169,M678,NULL
1122_910170,Mabc,NULL
1122_910171,Wabc,NULL
1122_910172,T234,NULL
1122_910173,M12,NULL
1122_910174,M678,NULL
1122_910175,M678,NULL
1122_910176,M678,NULL
1122_910177,M678,NULL
1122_910178,M34,NULL
1122_910179,M34,NULL
1122_910180,W346,NULL
1122_910181,W789,NULL
1122_910182,M12,NULL
1122_910183,M34,NULL
1122_910184,M678,NULL
1122_910185,M678,NULL
1122_910186,M678,NULL
1122_910187,M678,NULL
1122_910188,M678,NULL
1122_910189,M9,NULL
1122_910190,M9,NULL
1122_910191,T6,NULL
1122_910192,T789,NULL
1122_910193,W12,NULL
1122_910194,W6,NULL
1122_910195,W6,NULL
1122_910196,W789,NULL
1122_910197,W789,NULL
1122_910198,W789,NULL
1122_910199,M12,NULL
1122_910200,M34,NULL
1122_910201,M34,NULL
1122_910202,Mab,NULL
1122_910203,T2,NULL
1122_910204,T789,NULL
1122_910205,T789,NULL
1122_910206,Tabc,NULL
1122_910207,W1,NULL
1122_910208,W678,NULL
1122_910209,F346,NULL
1122_910210,M12,NULL
1122_910211,M34,NULL
1122_910212,M8,NULL
1122_910213,T1,NULL
1122_910214,Wabc,NULL
1122_910215,Rbcd,NULL
1122_910216,M678,NULL
1122_910217,F234,NULL
1122_910218,M12,NULL
1122_910219,M678,NULL
1122_910220,W1,NULL
1122_910221,W234,NULL
1122_910222,M678,NULL
1122_910223,W678,NULL
1122_910224,R234,NULL
1122_910225,M12,NULL
1122_910226,M678,NULL
1122_910227,T89,NULL
1122_910228,W67,NULL
1122_910229,F12,NULL
1122_910230,T67,NULL
1122_910231,W678,NULL
1122_910232,W678,NULL
1122_910233,M678,NULL
1122_910234,R34,NULL
1122_910235,M678,NULL
1122_910236,W34,NULL
1122_910237,W67,NULL
1122_910238,T12,NULL
1122_910239,T678,NULL
1122_910240,M12,NULL
1122_910241,M34,NULL
1122_910242,M678,NULL
1122_910243,T234,NULL
1122_910244,W12,NULL
1122_910245,M12,NULL
1122_910246,M678,NULL
1122_910247,F234,NULL
1122_910248,M12,NULL
1122_910249,M678,NULL
1122_910250,Tabc,NULL
1122_910251,W234,NULL
1122_910252,T89,NULL
1122_910253,M6,NULL
1122_910254,M789,NULL
1122_910255,M12,NULL
1122_910256,W89,NULL
1122_910257,M34,NULL
1122_910258,M678,NULL
1122_910259,T234,NULL
1122_910260,M12,NULL
1122_910261,W234,NULL
1122_910262,W67,NULL
1122_910263,R234,NULL
1122_910264,F34,NULL
1122_910265,R234,NULL
1122_910266,F2,NULL
1122_910267,Mab,NULL
1122_910268,Tabc,NULL
1122_910269,Tabc,NULL
1122_910270,W678,NULL
1122_910271,M678,NULL
1122_910272,M34,NULL
1122_910273,F346,NULL
1122_910274,W678,NULL
1122_910275,Tabc,NULL
1122_910276,Mabc,NULL
1122_910277,T346,NULL
1122_910278,T346,NULL
1122_910279,W678,NULL
1122_910280,W234,NULL
1122_910281,F234,NULL
1122_910282,W678,NULL
1122_910283,T789,NULL
1122_910284,M678,NULL
1122_910285,M678,NULL
1122_910286,R12,NULL
1122_910287,W234,NULL
1122_910288,T678,NULL
1122_910289,M34,NULL
1122_910290,M678,NULL
1122_910291,M678,NULL
1122_910292,R234,NULL
1122_910293,T789,NULL
1122_910294,T346,NULL
1122_910295,R1,NULL
1122_910296,W234,NULL
1122_910297,M678,NULL
1122_910298,M678,NULL
1122_910299,R12,NULL
1122_910300,T678,NULL
1122_910301,M34,NULL
1122_910302,Tabc,NULL
1122_910303,M678,NULL
1122_910304,R1,NULL
1122_910305,R12,NULL
1122_910306,M678,NULL
1122_910307,F267,NULL
1122_910308,T9,NULL
1122_910309,T678,NULL
1122_910310,M678,NULL
1122_910311,T234,NULL
1122_910312,Tabc,NULL
1122_910313,Mabc,NULL
1122_910314,Wabc,NULL
1122_910315,T34,NULL
1122_910316,M678,NULL
1122_910317,M678,NULL
1122_910318,M678,NULL
1122_910319,M12,NULL
1122_910320,Wabc,NULL
1122_910321,Mabc,NULL
1122_910322,Mabc,NULL
1122_910323,M678,NULL
1122_910324,M678,NULL
1122_910325,M678,NULL
1122_910326,M34,NULL
1122_910327,M12,NULL
1122_910328,M678,NULL
1122_910329,M678,NULL
1122_910330,T89,NULL
1122_910331,W67,NULL
1122_910332,W678,NULL
1122_910333,T123,NULL
1122_910334,T234,NULL
1122_910335,W678,NULL
1122_910336,M12,NULL
1122_910337,R234,NULL
1122_910338,W678,NULL
1122_910339,F234,NULL
1122_910340,W12,NULL
1122_910341,W1,NULL
1122_910342,W34,NULL
1122_910343,M34,NULL
1122_910344,M678,NULL
1122_910345,W12,NULL
1122_910346,M12,NULL
1122_910347,M12,NULL
1122_910348,W12,NULL
1122_910349,M89,NULL
1122_910350,W34,NULL
1122_910351,W34,NULL
1122_910353,F12,NULL
1122_910354,F34,NULL
1122_910355,W12,NULL
1122_910356,W34,NULL
1122_910357,M34,NULL
1122_910358,T89,NULL
1122_910359,R34,NULL
1122_910360,W34,NULL
1122_910361,W67,NULL
1122_910362,W89,NULL
1122_910363,W67,NULL
1122_910364,W89,NULL
1122_910365,F67,NULL
1122_910366,W67,NULL
1122_910367,W34,NULL
1122_910368,T12,NULL
1122_910369,R34,NULL
1122_910370,F12,NULL
1122_910371,W34,NULL
1122_910372,T67,NULL
1122_910373,T89,NULL
1122_910374,T12,NULL
1122_910375,T34,NULL
1122_910376,M34,NULL
1122_910377,R12,NULL
1122_910378,R34,NULL
1122_910379,W67,NULL
1122_910380,M34,NULL
1122_910381,F12,NULL
1122_910382,F34,NULL
1122_910383,R12,NULL
1122_910384,R34,NULL
1122_910385,T67,NULL
1122_910386,T89,NULL
1122_910387,T1,NULL
1122_910388,W12,NULL
1122_910389,T234,NULL
1122_910390,W234,NULL
1122_910391,Wabc,NULL
1122_910392,F34,NULL
1122_910393,F34,NULL
1122_910394,F34,NULL
1122_910395,F34,NULL
1122_910396,T89,NULL
1122_910397,W89,NULL
1122_910398,F12,NULL
1122_910399,T34,NULL
1122_910400,T12,NULL
1122_910401,T67,NULL
1122_910402,T12,NULL
1122_910403,R12,NULL
1122_910404,M34,NULL
1122_910405,M67,NULL
1122_910406,T67,NULL
1122_910407,F67,NULL
1122_910408,R34,NULL
1122_910409,R34,NULL
1122_910410,R34,NULL
1122_910411,R34,NULL
1122_910412,T1,NULL
1122_910413,F2,NULL
1122_910414,T1,NULL
1122_910415,T1,NULL
1122_910416,T1,NULL
1122_910417,M12,NULL
1122_910418,M12,NULL
1122_910419,M12,NULL
1122_910420,M12,NULL
1122_910421,M12,NULL
1122_910422,M12,NULL
1122_910423,M12,NULL
1122_910424,M12,NULL
1122_910425,M12,NULL
1122_910426,M12,NULL
1122_910427,M12,NULL
1122_910428,M12,NULL
1122_910429,M3,NULL
1122_960000,W34,A104[GF]
1122_960001,W56,A104[GF]
1122_960002,R34,A104[GF]
1122_960003,R56,A104[GF]
1122_960004,T34,A104[GF]
1122_960005,T56,A104[GF]
1122_960006,F34,A104[GF]
1122_960007,F56,A104[GF]
1122_960008,M34,A104[GF]
1122_960009,M78,YX501[YM]
1122_960010,F12,YX501[YM]
1122_960011,T78,YX503[YM]
1122_960012,W12,YX501[YM]
1122_960013,W78,YX501[YM]
1122_030001,R56,NULL
1122_030002,F34,NULL
1122_030004,W34,NULL
1122_110039,T12345678,YT001[YM]
1122_110040,T12345678,YEC109[YM]
1122_110041,T12345678,YT001[YM]
1122_110042,T12345678,YT001[YM]
1122_110043,T12345678,YT001[YM]
1122_110044,T12345678,YT001[YM]
1122_110045,T12345678,YT001[YM]
1122_110046,R5678,YED214[YM]
1122_110047,T12345678,YT001[YM]
1122_110048,T12345678,YT001[YM]
1122_110203,T1234,YT002[YM]
1122_110204,T1234,YT002[YM]
1122_110205,T1234,YT002[YM]
1122_110206,T1234,YT002[YM]
1122_110207,T1234,YT002[YM]
1122_110208,T1234,YT002[YM]
1122_110209,T1234,YT002[YM]
1122_110210,T1234,YT002[YM]
1122_110211,T1234,YT002[YM]
1122_110212,T1234,YT002[YM]
1122_110213,T1234,YT002[YM]
1122_111500,W12,YD105[YM]
1122_111516,F1234,YD210[YM]
1122_111517,F12345678,YD210[YM]
1122_111523,F1234,YD210[YM]
1122_111524,F12345678,YD210[YM]
1122_111802,T1234n5678,YN414[YM]
1122_111805,T1234n5678,YN418[YM]
1122_111806,T12345678,NULL
1122_111810,T12345678,NULL
1122_111812,T12345678,NULL
1122_111816,Wab,YN416[YM]
1122_111905,T1234n5678,NULL
1122_111906,T1234n5678,NULL
1122_111908,T1234n5678,NULL
1122_112006,R3,YB229[YM]
1122_112013,R34,YX406[YM]
1122_112252,Ud,NULL
1122_112900,R34,YX216[YM]
1122_112901,F1,YT003[YM]
1122_113100,T1234,YT002[YM]
1122_113201,F5678,ED101[GF]
1122_113201,F5678,YX216[YM]
1122_130000,Wn,YED214[YM]
1122_130105,R5678,YX406[YM]
1122_130117,F345678,YED214[YM]
1122_130400,R234,YED109[YM]
1122_130413,R1,YEA100[YM]
1122_131411,T1234,NULL
1122_131412,T1234,NULL
1122_131415,T5678,NULL
1122_131416,W12345678,NULL
1122_131417,T1234,NULL
1122_131707,R1234,NULL
1122_132003,W56,YK533[YM]
1122_132009,T12n,NULL
1122_132617,Ra,YK436[YM]
1122_150215,S5678,YN414[YM]
1122_410000,R34,SB210[GF]
1122_410003,F78,CS
1122_410011,W34,BI303[BA]
1122_510000,R2,AB101[GF]
1122_510001,R2,AB102[GF]
1122_515000,F2,ED203[GF]
1122_515001,F2,EDB01[GF]
1122_515002,F2,ED301[GF]
1122_515003,F2,EDB26[GF]
1122_515004,F2,EE207[GF]
1122_515006,R7,ED303[GF]
1122_515007,R7,EE207[GF]
1122_515008,R7,ED116[GF]
1122_515009,R7,ED203[GF]
1122_515010,R7,ED101[GF]
1122_515012,W2,ED103[GF]
1122_515013,W2,EE623[GF]
1122_515014,W2,ED303[GF]
1122_515015,W2,ED203[GF]
1122_515016,W2,ED116[GF]
1122_515018,R34,ED303[GF]
1122_515019,R34,ED219[GF]
1122_515020,R34,ED103[GF]
1122_515021,R34,EE102[GF]
1122_515022,R34,ED201[GF]
1122_515023,R34,EE209[GF]
1122_515030,R12,EE105[GF]
1122_515031,R12,ED219[GF]
1122_515032,R12,EE102[GF]
1122_515036,R12,EDB26[GF]
1122_515113,W5,EE102[GF]
1122_515114,F7,ED301[GF]
1122_515118,F34,ED301[GF]
1122_515121,T2,EE102[GF]
1122_515123,R34,EDB26[GF]
1122_515125,W34,EE623[GF]
1122_515126,R2,ED116[GF]
1122_515127,R8,ED219[GF]
1122_515128,R8,ED116[GF]
1122_515130,R56,ED203[GF]
1122_515132,F5,EE208[GF]
1122_515133,R7,ED219[GF]
1122_515135,R2,EE209[GF]
1122_515136,R8,EE208[GF]
1122_515146,R34,ED220[GF]
1122_515151,W34,EE209[GF]
1122_515152,W34,ED116[GF]
1122_515156,R34,ED101[GF]
1122_515157,R34,EE113[GF]
1122_515158,F56,EE207[GF]
1122_515160,W2,EDB26[GF]
1122_515401,W34,CY203[GF]
1122_515404,R2,CY202[GF]
1122_515405,R5,CY202[GF]
1122_515406,W34,CY202[GF]
1122_515407,R34,CY203[GF]
1122_515408,R6,CY202[GF]
1122_515411,R78,CY202[GF]
1122_515503,F7,EC016[GF]
1122_515504,F7,ED117[GF]
1122_515505,F7,EDB27[GF]
1122_515506,R2,EC114[GF]
1122_515507,R2,EC122[GF]
1122_515508,R2,EDB27[GF]
1122_515512,R34,EC015[GF]
1122_515513,R34,EC016[GF]
1122_515518,F34,EC114[GF]
1122_515519,F34,EC122[GF]
1122_515607,R34,ED102[GF]
1122_515611,F56,ED117[GF]
1122_516007,W56,ED103[GF]
1122_516011,F34,EE207[GF]
1122_516100,R4,EE324[GF]
1122_516101,R4,EE130[GF]
1122_516102,R7,EE324[GF]
1122_516103,R7,EE106[GF]
1122_516110,F34,EE106[GF]
1122_516112,R56,EE132[GF]
1122_516113,R8,EE130[GF]
1122_516114,R8,EE106[GF]
1122_516115,Uabc,EE206[GF]
1122_516116,R56,EE106[GF]
1122_516117,R56,EE210[GF]
1122_516118,W3,EE210[GF]
1122_516123,W3,EE106[GF]
1122_516124,W3,EE206[GF]
1122_516126,R34,EE206[GF]
1122_516127,Uabc,EE205[GF]
1122_516132,Uabc,EE231[GF]
1122_516133,W56,EE132[GF]
1122_516210,W7,EB118[GF]
1122_516214,R2,EB117[GF]
1122_516218,Wa,EB108[GF]
1122_516219,Rab,EB108[GF]
1122_516231,R56,EB415[GF]
1122_516300,R23,EF202[GF]
1122_516301,F34,EF201[GF]
1122_516302,R34,EF205[GF]
1122_516303,T34,EF205[GF]
1122_516304,W4,EF205[GF]
1122_516309,R7,EF201[GF]
1122_516311,R4,EF202[GF]
1122_516312,W2,EF205[GF]
1122_516313,R5,EF104[GF]
1122_516314,F34,EF205[GF]
1122_516603,W2,SC204[GF]
1122_516607,R78,SC158[GF]
1122_516608,R34,SC158[GF]
1122_516610,F2,SC158[GF]
1122_516611,R2,SC158[GF]
1122_516616,W2,SC160[GF]
1122_516700,W34,SA320[GF]
1122_516701,R56,SC201[GF]
1122_516704,Wn,SA214[GF]
1122_516705,Wn,SA215[GF]
1122_516706,R3,SA320[GF]
1122_516707,R2,SA321[GF]
1122_516708,R56,SA320[GF]
1122_516709,F56,SA311[GF]
1122_516803,F2,SC159[GF]
1122_516805,W34,SB211[GF]
1122_516807,R12,SC159[GF]
1122_516811,R2,SB211[GF]
1122_516816,R3,SC159[GF]
1122_516817,R4,SB202[GF]
1122_534700,R678,HA107[GF]
1122_534701,R678,HA108[GF]
1122_534702,R678,HA109[GF]
1122_534703,R678,HA105[GF]
1122_534704,R678,NULL
1122_534705,R678,HA104[GF]
1122_534706,R678,HA101[GF]
1122_534707,R678,HA102[GF]
1122_535208,W34,ED101[GF]
1122_535211,R2,ED220[GF]
1122_535216,F34,NULL
1122_535218,W2,ED201[GF]
1122_535219,F2,ED101[GF]
1122_535504,R34,EC122[GF]
1122_535509,F2,ED117[GF]
1122_535514,R7,ED202[GF]
1122_535522,R34,ED202[GF]
1122_536107,F2,EE210[GF]
1122_536302,F34,EF202[GF]
1122_536305,R56,EF201[GF]
1122_536311,T34,EF201[GF]
1122_536312,R8,EF207[GF]
1122_536604,W2,SC158[GF]
1122_536605,W34,SC160[GF]
1122_536609,W6,SC160[GF]
1122_536700,W4,SA223[GF]
1122_536702,R34,SA213[GF]
1122_536703,F3,SA212[GF]
1122_536704,F4,SA213[GF]
1122_536706,R3,SA214[GF]
1122_536707,R2,SA214[GF]
1122_536710,R5,SA223[GF]
1122_536807,F34,SB203[GF]
1122_536808,W5,SB202[GF]
1122_536809,W7,SB202[GF]
1122_536950,T78,SC157[GF]
1122_536951,F78,SC157[GF]
1122_536958,T9,SC157[GF]
1122_536959,W7,SC157[GF]
1122_564000,F56,SA321[GF]
1122_564001,F56,SC106[GF]
1122_564002,F56,SC152[GF]
1122_564003,F56,SC201[GF]
1122_564004,F56,SC206[GF]
1122_564005,F56,SC204[GF]
1122_564006,F56,SC110[GF]
1122_564007,F56,SA320[GF]
1122_564008,F56,SC151[GF]
1122_564009,F56,SC109[GF]
1122_564011,R34,SA321[GF]
1122_564012,R34,SC106[GF]
1122_564013,R34,SC201[GF]
1122_564014,R34,SC207[GF]
1122_564015,R34,SC110[GF]
1122_564016,R34,SC109[GF]
1122_564017,R34,SC204[GF]
1122_564018,R34,SC152[GF]
1122_564019,R34,EE105[GF]
1122_564021,F56,A305[GF]
1122_564021,F56,SC207[GF]
1122_565000,R78,SA321[GF]
1122_565001,R78,SA320[GF]
1122_565002,R78,SC106[GF]
1122_565003,R78,SC001[GF]
1122_565004,R78,SA311[GF]
1122_565005,F34,SA321[GF]
1122_565006,F34,SA320[GF]
1122_565007,F34,SC106[GF]
1122_565008,F34,EC015[GF]
1122_565010,F34,SC105[GF]
1122_565029,R78,SC162[GF]
1122_566000,F2,SC106[GF]
1122_566002,F2,SC110[GF]
1122_566003,F2,SC151[GF]
1122_566004,F2,SC105[GF]
1122_566005,F2,SC109[GF]
1122_566006,W9,SC109[GF]
1122_567005,W34,EE105[GF]
1122_571002,Tn,ED202[GF]
1122_638005,R1,NULL
1122_638006,Ry,NULL
1122_638007,Ry,NULL
1122_638008,Rz,NULL
1122_638404,R5,CM212[GR]
1122_910001,W12,NULL
1122_910011,R1,NULL
1122_910013,F1,NULL
1122_910026,W8,NULL
1122_910035,F2,NULL
1122_910043,F1,NULL
1122_910045,F2,NULL
1122_910048,W67,NULL
1122_910055,R34,NULL
1122_910095,F34,NULL
1122_910100,W34,NULL
1122_910107,F67,NULL
1122_910117,W12,NULL
1122_910123,W12,NULL
1122_910129,Fab,NULL
1122_910142,T2,NULL
1122_910160,T34,NULL
1122_910161,F3,NULL
1122_910178,T2,NULL
1122_910179,T2,NULL
1122_910189,F12,NULL
1122_910190,F12,NULL
1122_910191,F67,NULL
1122_910194,R12,NULL
1122_910195,R12,NULL
1122_910200,T6,NULL
1122_910201,T6,NULL
1122_910202,F7,NULL
1122_910203,R34,NULL
1122_910207,R12,NULL
1122_910212,T89,NULL
1122_910220,F34,NULL
1122_910227,R12,NULL
1122_910228,R1,NULL
1122_910234,F1,NULL
1122_910237,R1,NULL
1122_910241,W8,NULL
1122_910252,W67,NULL
1122_910253,W12,NULL
1122_910257,F2,NULL
1122_910262,R1,NULL
1122_910272,W1,NULL
1122_910286,F1,NULL
1122_910289,W1,NULL
1122_910295,F12,NULL
1122_910299,F1,NULL
1122_910301,W1,NULL
1122_910304,F12,NULL
1122_910305,F1,NULL
1122_910308,F34,NULL
1122_910315,F4,NULL
1122_910326,W2,NULL
1122_910340,R1,NULL
1122_910341,F67,NULL
1122_910343,T4,NULL
1122_910387,R34,NULL
1122_910408,F1,NULL
1122_910409,F1,NULL
1122_910410,F1,NULL
1122_910411,F1,NULL
1122_910429,W67,NULL
1122_110039,W12,YT001[YM]
1122_110040,W12,YEC109[YM]
1122_110041,W12,YT001[YM]
1122_110042,W12,YT001[YM]
1122_110043,W12,YT001[YM]
1122_110044,W12,YT001[YM]
1122_110045,W12,YT001[YM]
1122_110047,W12,YT001[YM]
1122_110048,W12,YT001[YM]
1122_110203,W123456,YT002[YM]
1122_110204,W123456,YT002[YM]
1122_110205,W123456,YT002[YM]
1122_110206,W123456,YT002[YM]
1122_110207,W123456,YT002[YM]
1122_110208,W123456,YT002[YM]
1122_110209,W123456,YT002[YM]
1122_110210,W123456,YT002[YM]
1122_110211,W123456,YT002[YM]
1122_110212,W123456,YT002[YM]
1122_110213,W123456,YT002[YM]
1122_111806,W12345678,NULL
1122_111810,W12345678,NULL
1122_111812,W12345678,NULL
1122_111905,W1234n5678,NULL
1122_111906,W1234n5678,NULL
1122_111908,W1234n5678,NULL
1122_113100,W123456,YT002[YM]
1122_130000,Rn,YED214[YM]
1122_131411,W1234,NULL
1122_131412,W5678,NULL
1122_131415,W12345678,NULL
1122_131416,R1234,NULL
1122_131417,W1234,NULL
1122_132009,W1234n,NULL
1122_516704,R78,SA214[GF]
1122_516705,R78,SA215[GF]
1122_638005,F1,NULL
1122_638006,Fy,NULL
1122_638007,Fy,NULL
1122_638008,Fz,NULL
1122_110039,R12345678,YT001[YM]
1122_110040,R12345678,YEC109[YM]
1122_110041,R12345678,YT001[YM]
1122_110042,R12345678,YT001[YM]
1122_110043,R12345678,YT001[YM]
1122_110044,R12345678,YT001[YM]
1122_110045,R12345678,YT001[YM]
1122_110047,R12345678,YT001[YM]
1122_110048,R12345678,YT001[YM]
1122_110203,R1234,YT002[YM]
1122_110204,R1234,YT002[YM]
1122_110205,R1234,YT002[YM]
1122_110206,R1234,YT002[YM]
1122_110207,R1234,YT002[YM]
1122_110208,R1234,YT002[YM]
1122_110209,R1234,YT002[YM]
1122_110210,R1234,YT002[YM]
1122_110211,R1234,YT002[YM]
1122_110212,R1234,YT002[YM]
1122_110213,R1234,YT002[YM]
1122_111905,R1234n5678,NULL
1122_111906,R1234n5678,NULL
1122_111908,R1234n5678,NULL
1122_113100,R1234,YT002[YM]
1122_131411,R5678,NULL
1122_131412,R1234,NULL
1122_131415,R5678,NULL
1122_131417,R5678,NULL
1122_132009,R1234n,NULL
1122_110039,F1234,YT001[YM]
1122_110040,F1234,YEC109[YM]
1122_110041,F1234,YT001[YM]
1122_110042,F1234,YT001[YM]
1122_110043,F1234,YT001[YM]
1122_110044,F1234,YT001[YM]
1122_110045,F1234,YT001[YM]
1122_110047,F1234,YT001[YM]
1122_110048,F1234,YT001[YM]
1122_110203,F12345678,YT002[YM]
1122_110204,F12345678,YT002[YM]
1122_110205,F12345678,YT002[YM]
1122_110206,F12345678,YT002[YM]
1122_110207,F12345678,YT002[YM]
1122_110208,F12345678,YT002[YM]
1122_110209,F12345678,YT002[YM]
1122_110210,F12345678,YT002[YM]
1122_110211,F12345678,YT002[YM]
1122_110212,F12345678,YT002[YM]
1122_110213,F12345678,YT002[YM]
1122_111905,F1234n5678,NULL
1122_111906,F1234n5678,NULL
1122_111908,F1234n5678,NULL
1122_113100,F12345678,YT002[YM]
1122_131411,F5678,NULL
1122_131412,F5678,NULL
1122_131417,F5678,NULL
1122_132009,F12n78,NULL
